Locality,Listings,Median Price (Lakhs INR),Median Rs per sqft,Tier
Cubbon Road,1,1900.0,35042.419771302106,Insufficient data (<10 listings)
Sector 3 HSR Layout,1,190.0,31666.666666666668,Insufficient data (<10 listings)
Hsr layout sector3,1,375.0,31250.0,Insufficient data (<10 listings)
J P Nagar 7th Phase Ramayya City,1,350.0,29166.666666666668,Insufficient data (<10 listings)
Sector 4 HSR Layout,1,700.0,29166.666666666668,Insufficient data (<10 listings)
Kathreguppe,2,725.0,29166.666666666664,Insufficient data (<10 listings)
Vittal Mallya Road,1,300.0,29126.21359223301,Insufficient data (<10 listings)
1A Block Koramangala,1,650.0,27542.372881355932,Insufficient data (<10 listings)
Srinivas Colony,2,922.0,27384.090909090908,Insufficient data (<10 listings)
"Beml layout, Rajarajeshwari nagar",1,325.0,27083.333333333332,Insufficient data (<10 listings)
Old Town,1,200.0,26666.666666666668,Insufficient data (<10 listings)
Indiranagar HAL 2nd Stage,1,640.0,26666.666666666668,Insufficient data (<10 listings)
Xavier Layout,1,400.0,26246.719160104985,Insufficient data (<10 listings)
Geetanjali Layout,1,300.0,25000.0,Insufficient data (<10 listings)
SBM Colony,2,377.5,24677.599286033023,Insufficient data (<10 listings)
1Hanuman Nagar,1,490.0,24500.0,Insufficient data (<10 listings)
HAL 2nd Stage,11,260.0,24166.666666666668,Tier 1 - Premium
Langford Gardens,2,649.5,23386.106600319014,Insufficient data (<10 listings)
BTM Layout 1stage 9th Main,1,138.0,23000.0,Insufficient data (<10 listings)
Bapuji Layout,1,275.0,22916.666666666668,Insufficient data (<10 listings)
Binnamangala,1,900.0,22681.451612903227,Insufficient data (<10 listings)
D Souza Layout,1,1015.0,21903.32326283988,Insufficient data (<10 listings)
Gandhi Bazar,2,240.0,21840.958605664488,Insufficient data (<10 listings)
Ashok Nagar,2,1486.0,21765.32220745024,Insufficient data (<10 listings)
7th Block Koramangala,1,130.0,21666.666666666668,Insufficient data (<10 listings)
9th Block Jayanagar,5,240.0,21428.571428571428,Insufficient data (<10 listings)
Dhanalakshmi Layout,1,250.0,20458.265139116203,Insufficient data (<10 listings)
Double Road,1,100.0,20000.0,Insufficient data (<10 listings)
Milk Colony,1,240.0,20000.0,Insufficient data (<10 listings)
5th Block Jayanagar,3,300.0,20000.0,Insufficient data (<10 listings)
Vasanth nagar,7,528.0,19957.894736842107,Insufficient data (<10 listings)
Yediyur,1,225.0,19736.842105263157,Insufficient data (<10 listings)
Lakkasandra Extension,1,250.0,19531.25,Insufficient data (<10 listings)
Achins Road,1,410.0,19523.809523809523,Insufficient data (<10 listings)
Cunningham Road,13,800.0,19479.24823805795,Tier 1 - Premium
Basvasamithi Layout Vidyaranyapura,1,175.0,19444.444444444445,Insufficient data (<10 listings)
Kasthuri Nagar East Of NGEF,1,460.0,19166.666666666668,Insufficient data (<10 listings)
ITI Employees Layout,1,230.0,19166.666666666668,Insufficient data (<10 listings)
RK Colony,1,230.0,19166.666666666668,Insufficient data (<10 listings)
Kumara Park,6,300.0,18824.11067193676,Insufficient data (<10 listings)
Prakruthi Township,1,150.0,18750.0,Insufficient data (<10 listings)
AECS LAYOUT A-BLOCK Singasandra,1,225.0,18750.0,Insufficient data (<10 listings)
Gidada Konnenahalli,2,172.5,18750.0,Insufficient data (<10 listings)
Meenakshi Layout,1,220.0,18333.333333333332,Insufficient data (<10 listings)
Housing Board Layout Vijay Nagar,1,220.0,18333.333333333332,Insufficient data (<10 listings)
RTO ullalu,1,110.0,18333.333333333332,Insufficient data (<10 listings)
RMV,3,365.0,18250.0,Insufficient data (<10 listings)
2nd Block Jayanagar,4,311.5,18177.09664291055,Insufficient data (<10 listings)
2nd Block Koramangala,2,761.0,18166.666666666664,Insufficient data (<10 listings)
Richmond Road,1,630.0,18000.0,Insufficient data (<10 listings)
Havanur extension,1,360.0,18000.0,Insufficient data (<10 listings)
Thavarekere,1,108.0,18000.0,Insufficient data (<10 listings)
Rest House Road,2,690.0,18000.0,Insufficient data (<10 listings)
Ramamohanapuram,1,500.0,17857.14285714286,Insufficient data (<10 listings)
Balepet,1,89.0,17835.67134268537,Insufficient data (<10 listings)
Domlur Layout,3,200.0,17777.777777777777,Insufficient data (<10 listings)
Chaitanya Ananya,1,325.0,17759.562841530056,Insufficient data (<10 listings)
Sadashiva Nagar,10,655.0,17689.70334078859,Tier 1 - Premium
8th Block Jayanagar,4,300.0,17500.0,Insufficient data (<10 listings)
Basaveswarnagar,1,420.0,17500.0,Insufficient data (<10 listings)
Ramaswamy Palya - Kammanahalli Main Road,1,210.0,17500.0,Insufficient data (<10 listings)
Sindhi Colony,1,988.0,17437.837990483316,Insufficient data (<10 listings)
1st Block HRBR Layout,8,125.0,17291.666666666664,Insufficient data (<10 listings)
K N Extension,1,120.0,17142.85714285714,Insufficient data (<10 listings)
"2nd phase jp nagar, jp nagar",1,205.0,17083.333333333332,Insufficient data (<10 listings)
7th Block Jayanagar,5,408.0,17000.0,Insufficient data (<10 listings)
Sri Kanteshwara Nagar,1,200.0,16666.666666666668,Insufficient data (<10 listings)
1Kasavanhalli,1,200.0,16666.666666666668,Insufficient data (<10 listings)
"Banashankari 6th stage , 2nd block",1,100.0,16666.666666666668,Insufficient data (<10 listings)
Michael Palaya,1,200.0,16666.666666666668,Insufficient data (<10 listings)
GKW Layout,1,225.0,16666.666666666668,Insufficient data (<10 listings)
Subramanyanagar,2,175.0,16504.329004329004,Insufficient data (<10 listings)
"6th block banashankari 3rd stage, 100 feet ORR",1,660.0,16500.0,Insufficient data (<10 listings)
BTM Layout 2nd Stage 1st Phase,1,395.0,16458.333333333332,Insufficient data (<10 listings)
Church Street,2,1068.0,16450.809464508096,Insufficient data (<10 listings)
Indra Nagar,2,209.0,16322.58064516129,Insufficient data (<10 listings)
Giri Nagar,14,245.0,16287.878787878788,Tier 1 - Premium
2nd Stage Nagarbhavi,20,227.5,16250.0,Tier 1 - Premium
Abshot Layout,1,185.0,16228.070175438597,Insufficient data (<10 listings)
Millers Road,1,460.0,16140.350877192983,Insufficient data (<10 listings)
M.G Road,1,200.0,16000.0,Insufficient data (<10 listings)
Tilak Nagar,1,40.0,16000.0,Insufficient data (<10 listings)
Jay an agar 4 T Block,1,120.0,16000.0,Insufficient data (<10 listings)
Shivanagar,1,160.0,16000.0,Insufficient data (<10 listings)
Kalasipalya,1,300.0,16000.0,Insufficient data (<10 listings)
south,2,445.0,15994.152046783625,Insufficient data (<10 listings)
Fraser town,1,128.0,15880.893300248139,Insufficient data (<10 listings)
Yemlur,9,1675.0,15833.333333333334,Insufficient data (<10 listings)
Prasanti Nagar,1,190.0,15833.333333333334,Insufficient data (<10 listings)
Viviani Road,1,350.0,15808.491418247515,Insufficient data (<10 listings)
BEML Layout 5th stage,2,205.0,15666.666666666666,Insufficient data (<10 listings)
5th Stage BEML Layout,2,205.0,15666.666666666666,Insufficient data (<10 listings)
RMV 2nd Stage,7,260.0,15659.955257270694,Insufficient data (<10 listings)
Lavelle Road,5,300.0,15633.142261594581,Insufficient data (<10 listings)
Brigade Road,1,220.0,15492.957746478873,Insufficient data (<10 listings)
Binny Mills Employees Colony,1,230.0,15333.333333333334,Insufficient data (<10 listings)
Race Course Road,2,525.0,15315.78947368421,Insufficient data (<10 listings)
N R Layout,1,120.0,15000.0,Insufficient data (<10 listings)
Chandra Layout,8,140.0,15000.0,Insufficient data (<10 listings)
Navodaya Nagar,1,180.0,15000.0,Insufficient data (<10 listings)
"beml layout, basaveshwara nagar",1,360.0,15000.0,Insufficient data (<10 listings)
Nagarbhavi Garden Villas Layout,1,180.0,15000.0,Insufficient data (<10 listings)
Prashanth Nagar,3,260.0,14814.814814814816,Insufficient data (<10 listings)
Mudalpalaya,1,155.0,14761.904761904761,Insufficient data (<10 listings)
Craig Park Layout,1,148.0,14653.465346534653,Insufficient data (<10 listings)
Infantry Road,2,472.5,14605.99078341014,Insufficient data (<10 listings)
3rd Block Banashankari,5,325.0,14583.333333333334,Insufficient data (<10 listings)
Benson Town,15,280.0,14573.991031390135,Tier 1 - Premium
bsk 6th stage 2ad block near sri conversation hall,1,87.0,14500.0,Insufficient data (<10 listings)
Gkvk Layout,3,180.0,14444.444444444445,Insufficient data (<10 listings)
Hunasamaranahalli,2,787.5,14437.5,Insufficient data (<10 listings)
Annapurneshwari Nagar,2,210.0,14375.0,Insufficient data (<10 listings)
Thanisandra main road,7,285.0,14302.684723212164,Insufficient data (<10 listings)
Jayamahal Extension,2,335.0,14288.888888888889,Insufficient data (<10 listings)
Anjana Nagar,2,177.5,14258.312020460358,Insufficient data (<10 listings)
poornaprajna layout,1,128.0,14222.222222222223,Insufficient data (<10 listings)
BTM 1st Stage,10,115.5,14166.666666666668,Tier 1 - Premium
Nagarbhavi  BDA Complex,1,85.0,14166.666666666666,Insufficient data (<10 listings)
8th block Koramangala,7,233.0,14166.666666666666,Insufficient data (<10 listings)
1 Ramamurthy Nagar,1,170.0,14166.666666666666,Insufficient data (<10 listings)
Subbannaiah Palya,1,85.0,14166.666666666666,Insufficient data (<10 listings)
Rahat Bagh,1,550.0,14102.564102564103,Insufficient data (<10 listings)
Palace Guttahalli,4,182.5,14011.904761904763,Insufficient data (<10 listings)
Attiguppe,1,70.0,14000.0,Insufficient data (<10 listings)
Shanthala Nagar,5,230.0,13981.76291793313,Insufficient data (<10 listings)
1st Stage Radha Krishna Layout,1,250.0,13966.480446927375,Insufficient data (<10 listings)
Rajaji Nagar,107,250.0,13963.414634146342,Tier 1 - Premium
Postal Colony,2,209.0,13933.333333333334,Insufficient data (<10 listings)
Cottonpet,5,200.0,13903.192584963954,Insufficient data (<10 listings)
Muthyala Nagar,1,165.0,13750.0,Insufficient data (<10 listings)
anjananager magdi road,1,165.0,13750.0,Insufficient data (<10 listings)
Bank Of Baroda Colony,7,185.0,13703.703703703704,Insufficient data (<10 listings)
Chikkabettahalli,1,150.0,13636.363636363636,Insufficient data (<10 listings)
Thurahalli,2,130.0,13541.666666666668,Insufficient data (<10 listings)
Huttanahalli,1,325.0,13541.666666666666,Insufficient data (<10 listings)
Gopalapura,6,286.5,13486.07314638362,Insufficient data (<10 listings)
Mahalakshmi Puram,8,229.0,13433.333333333334,Insufficient data (<10 listings)
CR Layout,1,200.0,13377.926421404682,Insufficient data (<10 listings)
6th block Koramangala,5,300.0,13333.333333333334,Insufficient data (<10 listings)
West of Chord Road,1,160.0,13333.333333333334,Insufficient data (<10 listings)
BHEL Layout,3,165.0,13333.333333333334,Insufficient data (<10 listings)
CQAL LAYOUT C BLOCK,1,160.0,13333.333333333334,Insufficient data (<10 listings)
Mahalakshmi Layout,13,160.0,13333.333333333334,Tier 1 - Premium
Manjunath Nagar,4,160.0,13333.333333333332,Insufficient data (<10 listings)
Defence Colony,6,268.5,13289.51068616423,Insufficient data (<10 listings)
Thyagaraja Nagar,10,105.0,13267.543859649122,Tier 1 - Premium
CMH Road,1,350.0,13133.208255159474,Insufficient data (<10 listings)
"white field,kadugodi",1,275.0,13095.238095238095,Insufficient data (<10 listings)
Nandi Durga Road,2,287.5,13064.516129032258,Insufficient data (<10 listings)
M V Extenstion,2,117.5,13055.555555555555,Insufficient data (<10 listings)
5th block Koramangala,1,520.0,13000.0,Insufficient data (<10 listings)
Himagiri Meadows,3,175.0,12962.962962962964,Insufficient data (<10 listings)
Basaveshwara Nagar,21,150.0,12916.666666666666,Tier 1 - Premium
MM Layout,1,45.0,12857.142857142857,Insufficient data (<10 listings)
Neelasandra,1,145.0,12719.298245614034,Insufficient data (<10 listings)
Jeevan bima nagar,7,125.0,12703.252032520326,Insufficient data (<10 listings)
D Group Employees Layout,3,230.0,12666.666666666666,Insufficient data (<10 listings)
Krishna Reddy Layout,3,273.0,12522.935779816513,Insufficient data (<10 listings)
Malleshwaram,56,251.0,12500.0,Tier 1 - Premium
Vijaypura,1,150.0,12500.0,Insufficient data (<10 listings)
Kumbhena Agrahara,1,150.0,12500.0,Insufficient data (<10 listings)
1 Annasandrapalya,1,150.0,12500.0,Insufficient data (<10 listings)
B K Nagar,1,300.0,12500.0,Insufficient data (<10 listings)
Pulikeshi Nagar,1,285.0,12500.0,Insufficient data (<10 listings)
Seshadripuram,3,100.0,12500.0,Insufficient data (<10 listings)
Goraguntepalya,1,150.0,12500.0,Insufficient data (<10 listings)
Srinagar,3,149.0,12480.0,Insufficient data (<10 listings)
Someshwara Layout,2,149.5,12458.333333333334,Insufficient data (<10 listings)
Chikku Lakshmaiah Layout,2,282.5,12304.234008650124,Insufficient data (<10 listings)
Manganahalli,1,98.0,12250.0,Insufficient data (<10 listings)
4th Block Koramangala,9,420.0,12244.897959183674,Insufficient data (<10 listings)
Sundara Nagar,1,110.0,12222.222222222223,Insufficient data (<10 listings)
Jayamahal,3,220.0,12222.222222222223,Insufficient data (<10 listings)
6th Block Jayanagar,1,255.0,12142.857142857143,Insufficient data (<10 listings)
Sector 6 HSR Layout,4,425.0,12131.57894736842,Insufficient data (<10 listings)
Gangondanahalli,1,48.0,12121.212121212122,Insufficient data (<10 listings)
Versova Layout,2,335.0,12088.573722237088,Insufficient data (<10 listings)
SMV layout,3,140.0,12083.333333333334,Insufficient data (<10 listings)
4th Block Jayanagar,4,215.0,12046.803613732387,Insufficient data (<10 listings)
Queens Road,1,169.0,12028.469750889679,Insufficient data (<10 listings)
BEL Road,4,176.5,12004.761904761905,Insufficient data (<10 listings)
Bharat Nagar,1,180.0,12000.0,Insufficient data (<10 listings)
Hosahalli Extension,5,120.0,12000.0,Insufficient data (<10 listings)
Patelappa Layout,2,143.5,11958.333333333334,Insufficient data (<10 listings)
1st Block Jayanagar,14,139.0,11942.82307940687,Tier 1 - Premium
Byadarahalli,8,397.5,11935.136970794658,Insufficient data (<10 listings)
BCC Layout,4,230.0,11925.925925925927,Insufficient data (<10 listings)
Dairy Circle,10,355.0,11904.98144549429,Tier 1 - Premium
Lakshmi Layout,4,117.5,11875.0,Insufficient data (<10 listings)
"asha township, off hennur road",1,285.0,11875.0,Insufficient data (<10 listings)
Somanna Garden,1,160.0,11851.851851851852,Insufficient data (<10 listings)
Jaymahal Road,1,400.0,11764.70588235294,Insufficient data (<10 listings)
Banashankari 2nd Stage,2,86.125,11666.666666666668,Insufficient data (<10 listings)
B Y Raveshwara Nagar,1,140.0,11666.666666666666,Insufficient data (<10 listings)
Pattegarhpalya,1,140.0,11666.666666666666,Insufficient data (<10 listings)
"Annapoorneshwari Layout, JP nagar 7th phase",1,70.0,11666.666666666666,Insufficient data (<10 listings)
singapura paradise,1,140.0,11666.666666666666,Insufficient data (<10 listings)
Park View Layout,1,70.0,11666.666666666666,Insufficient data (<10 listings)
Ramakrishnappa Layout,7,315.0,11612.90322580645,Insufficient data (<10 listings)
Indira Nagar,42,185.5,11578.923094661593,Tier 1 - Premium
St. John's Road,2,345.0,11515.776699029126,Insufficient data (<10 listings)
Thyagraj Nagar,1,76.0,11515.151515151516,Insufficient data (<10 listings)
Palanahalli,3,500.0,11504.83202945237,Insufficient data (<10 listings)
4th Block HBR Layout,1,138.0,11500.0,Insufficient data (<10 listings)
5th Block Hbr Layout,12,205.0,11482.843137254902,Tier 1 - Premium
Banashankari Stage II,16,137.5,11452.380952380952,Tier 1 - Premium
Indira Nagar 3rd Stage,1,199.0,11436.781609195403,Insufficient data (<10 listings)
HAL 3rd Stage,2,199.5,11425.044682752457,Insufficient data (<10 listings)
Arasanakunte,1,137.0,11416.666666666666,Insufficient data (<10 listings)
Vyalikaval,2,117.5,11409.090909090908,Insufficient data (<10 listings)
Jayanagar,8,173.5,11367.038628751068,Insufficient data (<10 listings)
Cambridge Layout,8,245.0,11314.102564102564,Insufficient data (<10 listings)
Jaya Nagar East,1,350.0,11308.562197092084,Insufficient data (<10 listings)
Pulkeshi Nagar,2,99.1,11286.444528587657,Insufficient data (<10 listings)
3rd Block Koramangala,2,220.0,11285.714285714286,Insufficient data (<10 listings)
Ngef Layout,4,299.0,11256.18374558304,Insufficient data (<10 listings)
Gowdanapalya,4,57.0,11250.0,Insufficient data (<10 listings)
Ramchandrapuram,2,55.0,11250.0,Insufficient data (<10 listings)
Bapuji Nagar,1,126.0,11200.0,Insufficient data (<10 listings)
Vidyapeeta,1,98.0,11200.0,Insufficient data (<10 listings)
3rd Block Jayanagar,3,140.0,11162.790697674418,Insufficient data (<10 listings)
Sarakki Nagar,14,265.0,11159.086717395046,Tier 1 - Premium
Shankarapuram,4,115.0,11124.359653771418,Insufficient data (<10 listings)
12th cross srinivas nagar banshankari 3rd stage,1,200.0,11111.111111111111,Insufficient data (<10 listings)
kamanahalli main road,1,95.0,11085.180863477246,Insufficient data (<10 listings)
Cambridge  road,1,110.0,11000.0,Insufficient data (<10 listings)
Bettahalsoor,3,353.0,10996.884735202491,Insufficient data (<10 listings)
Andrahalli,2,185.0,10965.909090909092,Insufficient data (<10 listings)
Halanayakanahalli,1,165.0,10855.263157894737,Insufficient data (<10 listings)
Sadanand Nagar,2,350.0,10846.560846560847,Insufficient data (<10 listings)
Puttappa Layout,1,290.0,10841.121495327103,Insufficient data (<10 listings)
"RMV extension stage 2, rmv extension",1,324.0,10836.120401337792,Insufficient data (<10 listings)
Ullal Road,3,190.0,10833.333333333334,Insufficient data (<10 listings)
2nd Stage Arekere Mico Layout,3,142.0,10833.333333333334,Insufficient data (<10 listings)
Defence Layout,1,130.0,10833.333333333334,Insufficient data (<10 listings)
Jaraganahalli Jp Nagar Post,1,65.0,10833.333333333334,Insufficient data (<10 listings)
Near ullas theater,1,205.0,10789.473684210527,Insufficient data (<10 listings)
New Thippasandra,6,107.5,10775.31379748962,Insufficient data (<10 listings)
Kengeri Satellite Town ( BDA SITE),1,172.0,10750.0,Insufficient data (<10 listings)
Syndicate Bank Colony,2,153.0,10750.0,Insufficient data (<10 listings)
Mathikere SBM colony,1,160.0,10666.666666666666,Insufficient data (<10 listings)
Cooke Town,18,219.5,10653.846153846152,Tier 1 - Premium
Richards Town,7,160.0,10625.0,Insufficient data (<10 listings)
Devanahalli Road,2,145.5,10540.489753936228,Insufficient data (<10 listings)
Kodihalli,15,270.0,10478.573662808883,Tier 1 - Premium
sarjapura main road,1,250.0,10416.666666666666,Insufficient data (<10 listings)
Muthurayya Swamy Layout,2,310.0,10412.359508326128,Insufficient data (<10 listings)
Kadarenahalli,2,62.5,10375.0,Insufficient data (<10 listings)
Bull Temple Road,1,140.0,10370.37037037037,Insufficient data (<10 listings)
Munivenkatppa Layout,5,225.0,10322.58064516129,Insufficient data (<10 listings)
Victoria Layout,7,146.0,10313.90134529148,Insufficient data (<10 listings)
Sahyadri Layout,1,180.0,10285.714285714286,Insufficient data (<10 listings)
Lingarajapuram,9,60.0,10277.777777777777,Insufficient data (<10 listings)
Yeshwanthpur Industrial Suburb,3,240.0,10263.157894736842,Insufficient data (<10 listings)
Gayathri Nagar,1,90.0,10227.272727272728,Insufficient data (<10 listings)
M C Layout,1,245.0,10208.333333333334,Insufficient data (<10 listings)
Wilson Garden,7,135.0,10204.081632653062,Insufficient data (<10 listings)
Moodalapalya,4,60.5,10186.9918699187,Insufficient data (<10 listings)
Richmond Town,9,187.0,10168.067226890757,Insufficient data (<10 listings)
Frazer Town,38,215.0,10020.372526193249,Tier 1 - Premium
akshaya nagar t c palya,1,120.0,10000.0,Insufficient data (<10 listings)
Dollars Colony,7,280.0,10000.0,Insufficient data (<10 listings)
Upkar Layout,4,115.525,10000.0,Insufficient data (<10 listings)
1Channasandra,1,125.0,10000.0,Insufficient data (<10 listings)
Ilyas Nagar,3,75.0,10000.0,Insufficient data (<10 listings)
High grounds,1,190.0,10000.0,Insufficient data (<10 listings)
Okalipura,1,120.0,10000.0,Insufficient data (<10 listings)
Lalbagh Road,1,367.0,9986.394557823129,Insufficient data (<10 listings)
Chikkabidarakallu,1,325.0,9821.698398307646,Insufficient data (<10 listings)
Basavangudi,31,150.0,9809.52380952381,Tier 1 - Premium
Jaya Mahal layout,2,206.5,9796.988006957796,Insufficient data (<10 listings)
Govindaraja Nagar Ward,2,207.5,9793.956043956045,Insufficient data (<10 listings)
Guni Agrahara,2,117.5,9791.666666666668,Insufficient data (<10 listings)
Ex-Servicemen Colony Dinnur Main Road R.T.Nagar,1,101.0,9767.891682785299,Insufficient data (<10 listings)
Coconut Garden,2,85.0,9722.222222222223,Insufficient data (<10 listings)
Ambedkar Colony,7,145.0,9706.083390293916,Insufficient data (<10 listings)
1st Block BEL Layout,2,167.5,9704.184704184703,Insufficient data (<10 listings)
Bharathnagar,1,120.0,9638.55421686747,Insufficient data (<10 listings)
LIC Colony,1,115.0,9583.333333333334,Insufficient data (<10 listings)
Nanjappa Layout Vidyaranyapura,1,115.0,9583.333333333334,Insufficient data (<10 listings)
A Narayanapura,5,110.0,9565.217391304348,Insufficient data (<10 listings)
Bahubali Nagar,1,150.0,9523.809523809523,Insufficient data (<10 listings)
Hosakerehalli,36,150.0,9513.520540821632,Tier 1 - Premium
NS Palya,4,162.5,9500.0,Insufficient data (<10 listings)
Narayanappa Layout,1,90.0,9473.684210526315,Insufficient data (<10 listings)
1st Block Koramangala,10,255.0,9468.08510638298,Tier 1 - Premium
SK Garden,1,175.0,9459.45945945946,Insufficient data (<10 listings)
Ulsoor,21,150.0,9411.764705882353,Tier 1 - Premium
Hadosiddapura,2,110.0,9397.935779816515,Insufficient data (<10 listings)
Sarvobhogam Nagar,1,140.0,9395.973154362417,Insufficient data (<10 listings)
Hanumantha Nagar,3,175.0,9393.939393939394,Insufficient data (<10 listings)
Sathya Sai Layout,8,630.0,9370.862855417216,Insufficient data (<10 listings)
CQAL Layout,2,275.0,9356.960115455262,Insufficient data (<10 listings)
Chikkasandra,4,86.0,9333.333333333332,Insufficient data (<10 listings)
Ganesha Block,2,209.0,9259.668508287294,Insufficient data (<10 listings)
Srirampuram,3,100.0,9259.25925925926,Insufficient data (<10 listings)
Hennur Bande,6,114.0,9257.564217960258,Insufficient data (<10 listings)
Hebbal Kempapura,33,170.0,9230.76923076923,Tier 1 - Premium
Jnanabharathi Layout,4,112.5,9208.333333333334,Insufficient data (<10 listings)
Rainbow Drive,1,138.0,9200.0,Insufficient data (<10 listings)
Chikka Gowdanapalya.,1,78.0,9176.470588235294,Insufficient data (<10 listings)
Behind Don Bosco Church,1,110.0,9166.666666666666,Insufficient data (<10 listings)
Hal old airport road,1,110.0,9166.666666666666,Insufficient data (<10 listings)
Nandini Layout,3,72.0,9166.666666666666,Insufficient data (<10 listings)
Subhash Nagar,1,110.0,9166.666666666666,Insufficient data (<10 listings)
Laxminarayana Layout,1,145.0,9154.040404040405,Insufficient data (<10 listings)
Chikkagubbi,1,400.0,9128.251939753538,Insufficient data (<10 listings)
Judicial Layout,15,162.0,9117.64705882353,Tier 1 - Premium
Sector 1 HSR Layout,10,152.5,9104.324427805666,Tier 1 - Premium
Sampangi Rama Nagar,4,132.5,9091.8284789644,Insufficient data (<10 listings)
V.V Puram,2,102.5,9063.133528733251,Insufficient data (<10 listings)
Koramangala,70,145.0,9062.043795620437,Tier 1 - Premium
"Basnashankari,6th stage,",1,54.0,9000.0,Insufficient data (<10 listings)
Maruthi Extension,1,180.0,9000.0,Insufficient data (<10 listings)
J C Nagar,3,108.0,9000.0,Insufficient data (<10 listings)
Devasandra Extension,2,106.0,8967.88990825688,Insufficient data (<10 listings)
T Dasarahalli,4,107.5,8958.333333333332,Insufficient data (<10 listings)
Arishinakunte,2,145.0,8958.333333333332,Insufficient data (<10 listings)
Dollars Layout,3,220.0,8957.654723127036,Insufficient data (<10 listings)
Chamrajpet,15,162.0,8947.368421052632,Tier 1 - Premium
Bagalakunte,6,116.5,8927.966101694916,Insufficient data (<10 listings)
Agrahara Dasarahalli,3,72.0,8888.888888888889,Insufficient data (<10 listings)
Omarbagh Layout,2,293.25,8864.903747345345,Insufficient data (<10 listings)
sapthagiri Layout,1,115.0,8846.153846153846,Insufficient data (<10 listings)
Lakkasandra,2,188.0,8844.444444444445,Insufficient data (<10 listings)
Doopanahalli,5,150.0,8844.444444444445,Insufficient data (<10 listings)
Palace Road,2,137.5,8838.042588042588,Insufficient data (<10 listings)
Dollar Scheme Colony,2,310.0,8826.154587662575,Insufficient data (<10 listings)
"Ananthapura, T C palaya Main Road",1,60.0,8823.529411764706,Insufficient data (<10 listings)
Koramangala Industrial Layout,2,575.0,8750.0,Insufficient data (<10 listings)
Vaishnavi Layout,4,420.0,8750.0,Insufficient data (<10 listings)
Krishna Nagar,2,115.0,8742.424242424242,Insufficient data (<10 listings)
Kyalasanahalli,2,104.5,8708.333333333332,Insufficient data (<10 listings)
Mathikere,9,120.0,8666.666666666666,Insufficient data (<10 listings)
pavitra paradise,1,190.0,8636.363636363636,Insufficient data (<10 listings)
Ganganahalli,1,90.0,8571.42857142857,Insufficient data (<10 listings)
4th T block Jayanagar,7,220.0,8538.461538461539,Insufficient data (<10 listings)
RMC YARD,1,162.0,8526.315789473685,Insufficient data (<10 listings)
Devarabeesana Halli,7,149.0,8514.285714285714,Insufficient data (<10 listings)
Sector 7 HSR Layout,13,145.0,8500.42992261393,Tier 1 - Premium
3rd Block Hrbr Layout,7,140.0,8484.848484848484,Insufficient data (<10 listings)
Binny Pete,20,148.5,8472.781375809558,Tier 1 - Premium
Sri Balaji Krupa Layout,3,263.0,8437.5,Insufficient data (<10 listings)
Kammanahalli,17,85.0,8428.57142857143,Tier 1 - Premium
1st Phase JP Nagar,25,167.0,8425.613866153106,Tier 1 - Premium
Sanjeevini Nagar,3,235.0,8407.871198568873,Insufficient data (<10 listings)
Uvce Layout,1,100.0,8403.361344537816,Insufficient data (<10 listings)
"Gubbi Cross, Hennur Main Road",1,300.0,8333.333333333334,Insufficient data (<10 listings)
Mathikere Extension,3,160.0,8333.333333333334,Insufficient data (<10 listings)
Sulthangunta,1,50.0,8333.333333333334,Insufficient data (<10 listings)
Bharath Housing Society Layout,1,200.0,8333.333333333334,Insufficient data (<10 listings)
Hullahalli,1,99.0,8250.0,Insufficient data (<10 listings)
Kodigehalli,11,85.0,8241.758241758242,Tier 1 - Premium
Keshava Nagar,7,155.0,8239.947264337508,Insufficient data (<10 listings)
Marenahalli,2,107.5,8217.636920720031,Insufficient data (<10 listings)
Domlur,22,140.0,8214.285714285714,Tier 1 - Premium
KAMAKIYA,1,135.0,8181.818181818182,Insufficient data (<10 listings)
kg halli jalhalli west,1,80.0,8163.265306122449,Insufficient data (<10 listings)
Kaveri Nagar,3,155.0,8157.894736842105,Insufficient data (<10 listings)
Kamakshipalya,9,75.0,8141.762452107279,Insufficient data (<10 listings)
VHBCS Layout,2,110.0,8130.081300813008,Insufficient data (<10 listings)
"HSR Layout 7th sector,",1,152.0,8119.65811965812,Insufficient data (<10 listings)
Bommenahalli,11,135.0,8083.832335329342,Tier 1 - Premium
Langford Town,4,157.5,8081.261733669968,Insufficient data (<10 listings)
Kumaraswami Layout,30,92.5,8063.235294117647,Tier 1 - Premium
Kathriguppe IV Phase,1,131.0,8036.80981595092,Insufficient data (<10 listings)
Indira Nagar Stage 2,1,96.0,8026.755852842809,Insufficient data (<10 listings)
Shanti Nagar,8,167.5,8000.0,Insufficient data (<10 listings)
Banagiri Nagar,10,123.5,8000.0,Tier 1 - Premium
OLd Gurappanapalya,4,157.5,7990.731204943357,Insufficient data (<10 listings)
Konanakunte,13,150.0,7989.967753493372,Tier 1 - Premium
Srirampura,6,155.0,7967.380410022779,Insufficient data (<10 listings)
Gattigere,2,79.0,7947.269303201507,Insufficient data (<10 listings)
Guddadahalli,2,102.5,7939.422473320778,Insufficient data (<10 listings)
HBR Layout,20,117.5,7938.240798502808,Tier 1 - Premium
"Pai layout , Mahadevapura",1,214.0,7925.925925925926,Insufficient data (<10 listings)
Kanakadasa Layout,1,95.0,7916.666666666667,Insufficient data (<10 listings)
T G extension,1,95.0,7916.666666666667,Insufficient data (<10 listings)
Gaurava Nagar,2,123.0,7915.4447702834805,Insufficient data (<10 listings)
Banjara Layout,11,70.0,7901.726427622842,Tier 1 - Premium
Chamundi Nagar,2,185.0,7892.857142857143,Insufficient data (<10 listings)
Cleveland Town,2,122.5,7881.717729784028,Insufficient data (<10 listings)
Cox Town,12,130.0,7846.242774566474,Tier 1 - Premium
Prasanna layout Herohalli,1,140.0,7777.777777777777,Insufficient data (<10 listings)
Marathalli bridge,1,120.0,7772.020725388601,Insufficient data (<10 listings)
R.T. Nagar,36,120.0,7762.8565196051695,Tier 1 - Premium
Lakshmiamma Garden,2,192.5,7750.0,Insufficient data (<10 listings)
Udaya Nagar,4,77.5,7750.0,Insufficient data (<10 listings)
Kirloskar Layout,4,88.5,7720.833333333334,Insufficient data (<10 listings)
Hennur Gardens,7,115.0,7718.120805369127,Insufficient data (<10 listings)
"EPIP AREA, WHITEFIELD",1,139.0,7717.9344808439755,Insufficient data (<10 listings)
Bhuvaneswari Nagar,3,75.0,7708.333333333333,Insufficient data (<10 listings)
Venkatapura,6,200.0,7686.063936063936,Insufficient data (<10 listings)
3rd Phase JP Nagar,3,270.0,7666.666666666667,Insufficient data (<10 listings)
4th Phase JP Nagar,4,54.45,7651.090342679127,Insufficient data (<10 listings)
Kuvempu Nagar,4,97.5,7647.907647907648,Insufficient data (<10 listings)
BEL Layout,1,105.0,7636.363636363636,Insufficient data (<10 listings)
Gandhi Nagar,1,80.0,7619.047619047619,Insufficient data (<10 listings)
Kothnur Narayanapura,3,99.0,7615.384615384615,Insufficient data (<10 listings)
OMBR Layout,19,93.0,7596.56652360515,Tier 1 - Premium
Siddapura,6,252.5,7562.67851475722,Insufficient data (<10 listings)
MRCR Layout,1,90.0,7556.675062972292,Insufficient data (<10 listings)
Manjunatha Layout,2,92.5,7516.025641025641,Insufficient data (<10 listings)
Bettadasanapura,1,90.0,7500.0,Insufficient data (<10 listings)
1st Block HBR Layout,3,150.0,7500.0,Insufficient data (<10 listings)
Ramesh Nagar,3,160.0,7500.0,Insufficient data (<10 listings)
"MEI layout, Bagalgunte",1,90.0,7500.0,Insufficient data (<10 listings)
2nd Phase JP Nagar,9,170.0,7500.0,Insufficient data (<10 listings)
Banashankari stage 2,1,77.25,7500.0,Insufficient data (<10 listings)
Nirman Layout,1,60.0,7500.0,Insufficient data (<10 listings)
Doddaballapur,11,195.0,7492.354740061162,Tier 1 - Premium
Vidya Nagar,1,280.0,7446.808510638298,Insufficient data (<10 listings)
Nagavarapalya,15,57.0,7446.808510638298,Tier 1 - Premium
Kundalahalli,46,105.0,7441.537539784476,Tier 1 - Premium
Laxmi Sagar Layout,4,155.0,7439.940840228644,Insufficient data (<10 listings)
Karuna Nagar,12,165.0,7418.90694239291,Tier 1 - Premium
Anjappa Layout,3,55.0,7418.39762611276,Insufficient data (<10 listings)
Old Airport Road,29,191.0,7397.769516728625,Tier 1 - Premium
Nagawara Junction,6,125.5,7386.729594669629,Insufficient data (<10 listings)
Thigalarapalya,48,150.5,7351.489862700625,Tier 1 - Premium
Wheelers Road,1,68.0,7351.351351351352,Insufficient data (<10 listings)
Cholanayakanahalli,7,95.0,7307.692307692308,Insufficient data (<10 listings)
Brindavan Nagar,3,111.0,7302.631578947368,Insufficient data (<10 listings)
Kamakya Layout,3,150.0,7272.727272727273,Insufficient data (<10 listings)
Kuvempu Layout,1,160.0,7272.727272727273,Insufficient data (<10 listings)
Iblur Village,23,235.0,7264.296754250387,Tier 1 - Premium
Bennigana Halli,1,145.0,7250.0,Insufficient data (<10 listings)
Bhoopsandra,2,152.5,7246.1712989222915,Insufficient data (<10 listings)
Jogupalya,1,130.0,7222.222222222223,Insufficient data (<10 listings)
KHB Colony Extension,1,65.0,7222.222222222223,Insufficient data (<10 listings)
Hebbal,161,113.0,7211.8959107806695,Tier 1 - Premium
"Yemlur, Old Airport Road,",1,115.0,7210.031347962383,Insufficient data (<10 listings)
1 Giri Nagar,1,360.0,7200.0,Insufficient data (<10 listings)
Jnana Ganga Nagar,3,81.0,7196.969696969697,Insufficient data (<10 listings)
Ashwini layout,3,60.0,7194.244604316546,Insufficient data (<10 listings)
Papareddipalya,1,115.0,7187.5,Insufficient data (<10 listings)
Vivek Nagar,2,145.0,7166.666666666666,Insufficient data (<10 listings)
Vasanthpura,2,49.91,7166.41541038526,Insufficient data (<10 listings)
Arekempanahalli,1,110.0,7156.79895901106,Insufficient data (<10 listings)
Kanaka Nagar,8,94.5,7144.03227277858,Insufficient data (<10 listings)
Challaghatta,2,112.0,7143.825925405383,Insufficient data (<10 listings)
2nd Block Hrbr Layout,7,110.0,7096.774193548387,Insufficient data (<10 listings)
Banashankari3rd stage bigbazar,1,125.0,7094.211123723042,Insufficient data (<10 listings)
Bendiganahalli,2,122.5,7083.333333333334,Insufficient data (<10 listings)
Shirdi Sai Nagar,1,85.0,7083.333333333333,Insufficient data (<10 listings)
Dasappa Layout,3,85.0,7083.333333333333,Insufficient data (<10 listings)
Jinkethimmanahalli,3,85.0,7083.333333333333,Insufficient data (<10 listings)
Kamala Nagar,4,61.5,7071.428571428572,Insufficient data (<10 listings)
Venkatadri Layout,3,42.0,7058.823529411765,Insufficient data (<10 listings)
Shivaji Nagar,13,90.0,7041.251778093883,Tier 1 - Premium
Sneha Colony,2,77.5,7023.809523809525,Insufficient data (<10 listings)
Outer Ring Road East,7,110.0,7011.686143572621,Insufficient data (<10 listings)
Rahmath Nagar,1,98.0,7000.0,Insufficient data (<10 listings)
Laggere,12,117.5,6995.967741935484,Tier 1 - Premium
Vaderahalli,2,142.5,6987.577639751553,Insufficient data (<10 listings)
Green Domain Layout,2,122.5,6977.306547619048,Insufficient data (<10 listings)
Vijay Nagar,1,160.0,6956.521739130435,Insufficient data (<10 listings)
Dooravani Nagar,4,110.0,6951.894066376131,Insufficient data (<10 listings)
Nagarbhavi,60,88.5,6933.333333333334,Tier 1 - Premium
KG Halli,1,26.0,6933.333333333333,Insufficient data (<10 listings)
Bagalur Main Road,4,186.0,6928.092399403875,Insufficient data (<10 listings)
Nanjappa Garden,2,130.0,6924.304605563156,Insufficient data (<10 listings)
Mukkutam Nagar,1,180.0,6923.076923076923,Insufficient data (<10 listings)
HRBR Layout,19,98.0,6923.076923076923,Tier 1 - Premium
Deepanjali Nagar,1,160.0,6896.551724137931,Insufficient data (<10 listings)
Sanjay nagar,20,85.0,6889.830508474576,Tier 1 - Premium
Masjid e Alkareem,1,62.0,6888.888888888889,Insufficient data (<10 listings)
J.P.nagar 6th Phase.Sarakki Nagar,1,185.0,6877.323420074349,Insufficient data (<10 listings)
Prakash Nagar,1,55.0,6875.0,Insufficient data (<10 listings)
Uday Nagar,2,97.5,6875.0,Insufficient data (<10 listings)
6th Phase JP Nagar,23,88.0,6875.0,Tier 1 - Premium
sankeswari,1,31.7,6864.146204148803,Insufficient data (<10 listings)
Mango Garden Layout,1,125.0,6853.070175438596,Insufficient data (<10 listings)
Teachers Colony,2,158.5,6851.851851851852,Insufficient data (<10 listings)
Surabhi Layout,3,120.0,6845.407872219053,Insufficient data (<10 listings)
Sampige Layout,1,90.0,6844.106463878327,Insufficient data (<10 listings)
Classic Paradise Layout,2,99.0,6837.518542063997,Insufficient data (<10 listings)
Singena Agrahara,4,105.0,6833.333333333334,Insufficient data (<10 listings)
Ullal Uppanagar,3,82.0,6833.333333333333,Insufficient data (<10 listings)
KR Garden,5,65.0,6810.810810810811,Insufficient data (<10 listings)
Byatarayanapura,7,75.0,6792.452830188679,Insufficient data (<10 listings)
Pampa Extension,3,80.0,6791.171477079796,Insufficient data (<10 listings)
Sathanur,1,110.0,6790.123456790124,Insufficient data (<10 listings)
Byrathi Village,6,75.0,6785.320088300221,Insufficient data (<10 listings)
MS Pallya,8,100.0,6770.356396267782,Insufficient data (<10 listings)
"Banasawadi,",1,156.0,6747.404844290658,Insufficient data (<10 listings)
RK Layout 2nd Stage,1,77.5,6739.130434782609,Insufficient data (<10 listings)
"TR Mill Road, Chamarajpet",1,79.0,6723.404255319149,Insufficient data (<10 listings)
Govindapura,3,65.0,6717.557251908397,Insufficient data (<10 listings)
RR Layout,2,128.0,6717.086834733893,Insufficient data (<10 listings)
7th Phase JP Nagar,135,82.5,6703.91061452514,Tier 1 - Premium
Hennagara,2,74.0,6701.093560145808,Insufficient data (<10 listings)
Mylasandra,4,65.5,6699.6996996997,Insufficient data (<10 listings)
EPIP Zone,23,125.0,6696.428571428572,Tier 1 - Premium
T R Mill Road,1,82.0,6693.877551020408,Insufficient data (<10 listings)
Banashankari Stage III,25,118.0,6690.140845070423,Tier 1 - Premium
Vijayanagar,42,97.5,6681.550642936308,Tier 1 - Premium
Hegde Nagar,48,122.5,6673.672921142565,Tier 1 - Premium
Nrupathunga Nagar,1,80.0,6666.666666666667,Insufficient data (<10 listings)
Vishwapriya Nagar,5,71.0,6666.666666666667,Insufficient data (<10 listings)
Kalhalli,1,160.0,6666.666666666667,Insufficient data (<10 listings)
BTM 4th Stage,3,58.0,6666.666666666667,Insufficient data (<10 listings)
Chikkaballapur,1,100.0,6666.666666666667,Insufficient data (<10 listings)
Kenchenhalli,3,79.99,6666.666666666667,Insufficient data (<10 listings)
Rajagopala Nagar,1,40.0,6666.666666666667,Insufficient data (<10 listings)
Lal Bahadur Shastri Nagar,2,116.5,6657.904984423676,Insufficient data (<10 listings)
Sathya Layout,3,100.0,6648.936170212766,Insufficient data (<10 listings)
Amblipura,6,124.0,6647.179691124809,Insufficient data (<10 listings)
Esther Enclave Layout,3,68.0,6600.0,Insufficient data (<10 listings)
Harlur,77,100.0,6599.832915622389,Tier 1 - Premium
Ambedkar Nagar,29,125.0,6596.491228070176,Tier 1 - Premium
Dwarka Nagar,2,110.375,6593.75,Insufficient data (<10 listings)
Green Glen Layout,39,115.0,6591.957811470006,Tier 1 - Premium
Anand Nagar,8,100.0,6581.6749585406305,Insufficient data (<10 listings)
Rajiv Nagar,12,127.0,6581.196581196582,Tier 1 - Premium
Gokula Extension,3,90.0,6559.766763848396,Insufficient data (<10 listings)
Vidyaranyapura,41,70.0,6545.454545454545,Tier 1 - Premium
Lingadheeranahalli,23,113.0,6535.9477124183,Tier 1 - Premium
Williams Town,1,98.0,6533.333333333333,Insufficient data (<10 listings)
Ejipura,9,95.0,6521.739130434783,Insufficient data (<10 listings)
banashankari stage iii sa,1,91.72,6500.3543586109145,Insufficient data (<10 listings)
Ganga Nagar Extension,1,65.0,6500.0,Insufficient data (<10 listings)
Kurubarahalli,5,69.0,6500.0,Insufficient data (<10 listings)
Maruthi nagar kogilu,1,78.0,6500.0,Insufficient data (<10 listings)
Manonarayanapalya,1,52.0,6500.0,Insufficient data (<10 listings)
New Gurappana Palya,5,106.0,6500.0,Insufficient data (<10 listings)
Lakshminarayana Pura,36,75.0,6482.591691973241,Tier 1 - Premium
Prithvi Layout,13,93.0,6471.89349112426,Tier 1 - Premium
Sultan Palaya,14,72.5,6471.010901883053,Tier 1 - Premium
Bannerghatta,18,80.1,6447.957391353618,Tier 1 - Premium
BTM 2nd Stage,29,80.0,6428.571428571428,Tier 1 - Premium
Ganga Nagar,10,65.0,6421.1045364891515,Tier 1 - Premium
Chowdeshwari Layout,1,80.0,6400.0,Insufficient data (<10 listings)
Jakkur Plantation,9,115.0,6399.069226294358,Insufficient data (<10 listings)
Jakkasandra,1,102.0,6375.0,Insufficient data (<10 listings)
Rajankunte,2,235.0,6359.669861866407,Insufficient data (<10 listings)
Jalahalli,49,89.75,6349.206349206349,Tier 1 - Premium
Shanthi Layout,2,81.0,6346.55070754717,Insufficient data (<10 listings)
Thirupalya,1,65.0,6341.463414634146,Insufficient data (<10 listings)
Doddanekundi,6,106.5,6334.967584743958,Insufficient data (<10 listings)
Sahakara Nagar,37,80.0,6333.333333333333,Tier 1 - Premium
Tumkur Road,33,79.0,6333.333333333333,Tier 1 - Premium
SHANTHINAGAR,1,95.0,6333.333333333333,Insufficient data (<10 listings)
Badavala Nagar,6,92.275,6328.647925033467,Insufficient data (<10 listings)
Kodanda Reddy Layout,1,105.0,6325.301204819277,Insufficient data (<10 listings)
Tasker Town,3,60.0,6315.789473684211,Insufficient data (<10 listings)
"JP Nagar 7th Phase,",2,83.5,6311.203679597327,Insufficient data (<10 listings)
Medi Agrahara,1,85.0,6296.2962962962965,Insufficient data (<10 listings)
Vinayaka Layout,1,170.0,6296.2962962962965,Insufficient data (<10 listings)
"ravindra nagar, T.dasarahalli peenya",1,74.0,6271.186440677966,Insufficient data (<10 listings)
Medaralli,1,84.0,6250.0,Insufficient data (<10 listings)
Rustam Bagh Layout,5,86.0,6250.0,Insufficient data (<10 listings)
"Banashankari 3rd stage, Vivekanandanagar",1,100.0,6250.0,Insufficient data (<10 listings)
Zuzuvadi,1,75.0,6250.0,Insufficient data (<10 listings)
Bidadi,3,110.0,6250.0,Insufficient data (<10 listings)
Ittamadu,9,95.0,6250.0,Insufficient data (<10 listings)
Sadduguntepalya,1,75.0,6250.0,Insufficient data (<10 listings)
Lakshmipura,3,75.0,6250.0,Insufficient data (<10 listings)
Ramanagara Channapatna,1,75.0,6250.0,Insufficient data (<10 listings)
Nagasandra,12,120.0,6247.619047619048,Tier 1 - Premium
Meenakunte,6,252.5,6245.750924661165,Insufficient data (<10 listings)
Balagere,44,65.0,6240.50618005974,Tier 1 - Premium
Kaikondrahalli,17,78.0,6240.0,Tier 1 - Premium
Agara Village,1,120.0,6233.766233766234,Insufficient data (<10 listings)
Jakkur,70,99.2425,6227.325581395349,Tier 1 - Premium
Srinivasa Nagar,6,76.97,6205.555555555555,Insufficient data (<10 listings)
Garden Layout,1,93.93,6200.0,Insufficient data (<10 listings)
Sector 2 HSR Layout,16,77.5,6196.821821821823,Tier 1 - Premium
Sunder Ram Shetty Nagar,2,94.5,6185.897435897436,Insufficient data (<10 listings)
RPC layout,3,68.0,6181.818181818182,Insufficient data (<10 listings)
Sundar Ram Shetty Nagar,1,85.0,6181.818181818182,Insufficient data (<10 listings)
Billapura,1,110.0,6179.775280898876,Insufficient data (<10 listings)
Junnasandra,1,240.0,6179.196704428425,Insufficient data (<10 listings)
Javarandoddi,1,40.0,6172.83950617284,Insufficient data (<10 listings)
Hoodi Layout,2,81.5,6166.091954022989,Insufficient data (<10 listings)
Varsova Layout,4,175.0,6148.4375,Insufficient data (<10 listings)
Tala Cauvery Layout,4,88.5,6125.722010569006,Insufficient data (<10 listings)
Shirdi Sai Layout,2,78.815,6117.9885057471265,Insufficient data (<10 listings)
Kodipalya,3,72.0,6111.111111111111,Insufficient data (<10 listings)
Kasturi Nagar,16,90.25,6088.619440498484,Tier 1 - Premium
Vibhutipura Extension,2,73.5,6085.034013605442,Insufficient data (<10 listings)
B Channasandra,3,79.0,6076.923076923077,Insufficient data (<10 listings)
Kumbalgodu,2,137.5,6075.0,Insufficient data (<10 listings)
Dodsworth Layout,10,107.0,6073.22088898951,Tier 2 - Mid-market
Thubarahalli,22,79.275,6066.814764183186,Tier 2 - Mid-market
Panathur,49,75.0,6051.437216338881,Tier 2 - Mid-market
Chikkakannalli,2,87.5,6041.417182333886,Insufficient data (<10 listings)
ISRO Layout,12,121.0,6035.714285714286,Tier 2 - Mid-market
Nandi Hills,2,245.0,6025.0,Insufficient data (<10 listings)
Virudhu Nagar,1,68.0,6017.699115044248,Insufficient data (<10 listings)
Banashankari 6th Stage,1,80.0,6015.037593984963,Insufficient data (<10 listings)
Jagadish Nagar,1,88.0,6006.825938566553,Insufficient data (<10 listings)
ITI Layout,6,83.63499999999999,6001.797863258918,Insufficient data (<10 listings)
Kadugondanahalli,5,60.0,6000.0,Insufficient data (<10 listings)
Suragajakkanahalli,1,72.0,6000.0,Insufficient data (<10 listings)
Gokaula Extension,1,90.0,6000.0,Insufficient data (<10 listings)
Maheswari Nagar,1,60.0,6000.0,Insufficient data (<10 listings)
Jakkasandra Extension,5,63.0,6000.0,Insufficient data (<10 listings)
Malimakanapura,1,70.0,5993.1506849315065,Insufficient data (<10 listings)
Dodda Nekkundi Extension,8,88.25,5988.765575486443,Insufficient data (<10 listings)
Brookefield,47,85.0,5985.915492957746,Tier 2 - Mid-market
Talaghattapura,36,120.0,5983.849361332805,Tier 2 - Mid-market
Maruthi Sevanagar,7,115.0,5980.0,Insufficient data (<10 listings)
RBI Layout,1,87.0,5958.904109589041,Insufficient data (<10 listings)
1st Stage Indira Nagar,5,67.0,5957.446808510638,Insufficient data (<10 listings)
Gopalkrishna Nagar,8,75.0,5955.165207006369,Insufficient data (<10 listings)
Banashankari,71,80.0,5952.380952380952,Tier 2 - Mid-market
Chikka Banaswadi,3,73.0,5946.935041171088,Insufficient data (<10 listings)
6th Block Rajaji Nagar,1,190.0,5937.5,Insufficient data (<10 listings)
Bhoganhalli,43,90.2,5928.143712574851,Tier 2 - Mid-market
Devarabisanahalli,1,80.0,5925.925925925926,Insufficient data (<10 listings)
JP Nagar,71,90.0,5925.925925925926,Tier 2 - Mid-market
"Banashankari 6th Stage ,Subramanyapura",1,100.0,5917.15976331361,Insufficient data (<10 listings)
"ECC Road, Whitefield,",2,80.0,5911.744909978126,Insufficient data (<10 listings)
Dinnur,3,97.0,5909.090909090909,Insufficient data (<10 listings)
Hennur Road,149,84.0,5900.383141762452,Tier 2 - Mid-market
Rajasree Layout,2,80.0,5899.903236211159,Insufficient data (<10 listings)
Hosur Road,44,91.5,5889.447236180904,Tier 2 - Mid-market
Ambalipura,26,80.0,5887.034092916446,Tier 2 - Mid-market
Kempegowda Nagar,2,101.5,5886.003125266929,Insufficient data (<10 listings)
Chikkajala,1,50.0,5882.35294117647,Insufficient data (<10 listings)
Peenya,9,55.0,5882.35294117647,Insufficient data (<10 listings)
T.C PALYA,10,70.0,5872.549019607843,Tier 2 - Mid-market
Badrappa Layout,1,88.0,5866.666666666667,Insufficient data (<10 listings)
Kadubeesanahalli,13,78.0,5860.805860805861,Tier 2 - Mid-market
Prestige Sunrise,1,41.0,5857.142857142857,Insufficient data (<10 listings)
Medahalli,9,70.0,5857.142857142857,Insufficient data (<10 listings)
St Thomas Town,1,62.0,5849.056603773585,Insufficient data (<10 listings)
Ferrar Nagar,3,125.0,5847.457627118644,Insufficient data (<10 listings)
"Whietfield,",1,98.0,5843.768634466309,Insufficient data (<10 listings)
Billekahalli,18,76.5,5836.25730994152,Tier 2 - Mid-market
Anekal - Hosur Road,1,140.0,5833.333333333333,Insufficient data (<10 listings)
Karnataka Shabarimala,1,70.0,5833.333333333333,Insufficient data (<10 listings)
Kithaganur,3,62.0,5833.333333333333,Insufficient data (<10 listings)
Jayanti Nagar,3,70.0,5833.333333333333,Insufficient data (<10 listings)
Kodbisanhalli,8,66.0,5830.0395256917,Insufficient data (<10 listings)
Kannamangala,18,77.0,5822.945239028213,Tier 2 - Mid-market
Sarjapur  Road,384,85.0,5818.273658490743,Tier 2 - Mid-market
Marsur,10,49.0,5815.090543259557,Tier 2 - Mid-market
Rajiv Gandhi Nagar,5,75.0,5800.46403712297,Insufficient data (<10 listings)
Whitefield ECC Road,1,71.05,5800.0,Insufficient data (<10 listings)
Devanahalli Int. Airport,3,80.0,5797.101449275362,Insufficient data (<10 listings)
2nd Block Hbr Layout,1,55.0,5789.473684210527,Insufficient data (<10 listings)
Amam Enclave Layout,2,57.5,5782.013314096235,Insufficient data (<10 listings)
Basavanna Nagar,4,92.5,5775.075987841945,Insufficient data (<10 listings)
Thanisandra,232,73.0,5771.645038586165,Tier 2 - Mid-market
Vibuthipura,2,102.5,5759.404604738209,Insufficient data (<10 listings)
AMS Layout,4,80.0,5757.575757575758,Insufficient data (<10 listings)
Padmanabhanagar,28,75.0,5754.545454545454,Tier 2 - Mid-market
Vishveshwarya Layout,13,95.0,5750.0,Tier 2 - Mid-market
P Krishnappa Layout,1,77.0,5746.268656716418,Insufficient data (<10 listings)
Dena Bank Colony,2,69.75,5727.566825697667,Insufficient data (<10 listings)
Narayanapura,10,87.02000000000001,5725.7627898272785,Tier 2 - Mid-market
Old Madras Road,67,100.0,5720.053835800808,Tier 2 - Mid-market
Ardendale,23,100.0,5714.285714285715,Tier 2 - Mid-market
Hoodi,88,81.03,5709.491850431448,Tier 2 - Mid-market
Hennur Busstop,1,62.7,5700.0,Insufficient data (<10 listings)
Nayandanahalli,6,86.0,5690.428897226513,Insufficient data (<10 listings)
Near International Airport,2,103.0,5676.691729323308,Insufficient data (<10 listings)
Vijaya Bank Layout,7,85.0,5666.666666666667,Insufficient data (<10 listings)
Banashankari Stage I,1,170.0,5666.666666666667,Insufficient data (<10 listings)
"Panathur Road,",1,53.0,5662.393162393162,Insufficient data (<10 listings)
2nd Block Bel Layout,2,92.0,5661.538461538462,Insufficient data (<10 listings)
Kasavanhalli,78,81.0,5654.3990630947155,Tier 2 - Mid-market
Vajarahalli,8,79.5,5648.211437685122,Insufficient data (<10 listings)
Haralur Road,103,83.05,5645.1612903225805,Tier 2 - Mid-market
Ncpr Industrial Layout,1,72.5,5642.023346303502,Insufficient data (<10 listings)
Naidu Layout,2,79.5,5626.262626262626,Insufficient data (<10 listings)
Canara Bank Layout,3,90.0,5625.0,Insufficient data (<10 listings)
Bagalur,5,57.0,5625.0,Insufficient data (<10 listings)
Kavika Layout,3,101.0,5614.230127848805,Insufficient data (<10 listings)
Whitefield,524,75.5,5608.915223767623,Tier 2 - Mid-market
basaveshwarnagar,1,70.0,5600.0,Insufficient data (<10 listings)
Madavara,2,41.0,5589.869281045751,Insufficient data (<10 listings)
PNS Layout,1,65.0,5574.614065180103,Insufficient data (<10 listings)
Remco Bhel Layout,2,83.0,5559.176922702729,Insufficient data (<10 listings)
Vishwanatha Nagenahalli,9,110.0,5558.12876331635,Insufficient data (<10 listings)
Doddanakunte,1,150.0,5555.555555555556,Insufficient data (<10 listings)
Veerabhadra Nagar,1,100.0,5555.555555555556,Insufficient data (<10 listings)
Yelachenahalli,20,75.75,5548.872180451128,Tier 2 - Mid-market
Viswajit Layout,1,61.0,5545.454545454545,Insufficient data (<10 listings)
Vijinapura,2,81.905,5539.059091120085,Insufficient data (<10 listings)
Tigalarpalya,2,88.5,5536.623580101841,Insufficient data (<10 listings)
Kaverappa Layout,9,70.0,5533.596837944664,Insufficient data (<10 listings)
TC Palaya,45,66.0,5533.333333333333,Tier 2 - Mid-market
Gubbalala,26,86.5,5530.64710747163,Tier 2 - Mid-market
Yeshwanthpur,83,85.0,5525.525525525525,Tier 2 - Mid-market
Chennammanakere Achukattu,2,63.5,5525.210084033613,Insufficient data (<10 listings)
Bhattarahalli,1,50.0,5524.861878453039,Insufficient data (<10 listings)
Sonam Layout,1,50.0,5524.861878453039,Insufficient data (<10 listings)
Bikasipura,4,168.5,5514.553463465192,Insufficient data (<10 listings)
Marathahalli,169,76.0,5514.40329218107,Tier 2 - Mid-market
BEML Layout,10,85.0,5513.609715242881,Tier 2 - Mid-market
Hulimavu,52,71.75,5513.427060986822,Tier 2 - Mid-market
Raghavendra Layout,2,89.5,5511.018645198494,Insufficient data (<10 listings)
Nallurhalli,8,66.5,5505.92885375494,Insufficient data (<10 listings)
3rd Phase Iti Layout,1,63.0,5502.183406113537,Insufficient data (<10 listings)
Venugopal Reddy Layout,3,69.0,5501.6181229773465,Insufficient data (<10 listings)
Kathriguppe,19,76.45,5500.401606425703,Tier 2 - Mid-market
Nagaraja Garden,4,78.65,5500.000000000001,Insufficient data (<10 listings)
BTM Layout,17,78.0,5478.260869565217,Tier 2 - Mid-market
JakkurYelahanka,1,75.0,5474.4525547445255,Insufficient data (<10 listings)
Subramanyapura,40,62.605000000000004,5469.577841883967,Tier 2 - Mid-market
Bellandur,94,75.5,5466.717151411296,Tier 2 - Mid-market
Tharabanahalli,1,240.0,5460.750853242321,Insufficient data (<10 listings)
Ramamurthy Nagar,72,65.0,5448.618307426597,Tier 2 - Mid-market
Carmelaram,4,95.42750000000001,5447.5481204294765,Insufficient data (<10 listings)
Coffee Board Layout,3,90.0,5446.293494704993,Insufficient data (<10 listings)
RMV Extension Stage 2,2,140.0,5444.563790428452,Insufficient data (<10 listings)
Margondanahalli,25,65.0,5444.444444444444,Tier 2 - Mid-market
Shetty Halli,2,291.0,5437.5,Insufficient data (<10 listings)
Nagadevanahalli,10,75.0,5433.467741935484,Tier 2 - Mid-market
HSR Layout,41,70.0,5428.571428571428,Tier 2 - Mid-market
Kalyan nagar,19,75.0,5425.709515859767,Tier 2 - Mid-market
Attur Layout,5,150.0,5416.666666666667,Insufficient data (<10 listings)
Bande Nallasandra,1,130.0,5416.666666666667,Insufficient data (<10 listings)
Akshya Nagar,5,75.0,5416.666666666667,Insufficient data (<10 listings)
Adugodi,1,65.0,5412.156536219817,Insufficient data (<10 listings)
Brooke Bond First Cross,4,81.0,5407.79984277267,Insufficient data (<10 listings)
Kudlu Gate,37,78.0,5407.166123778502,Tier 2 - Mid-market
Banaswadi,18,73.0,5397.8732710076,Tier 2 - Mid-market
Hommadevanahalli,1,50.0,5393.743257820927,Insufficient data (<10 listings)
Pattanagere,4,77.5,5392.156862745098,Insufficient data (<10 listings)
Kundalahalli Colony,7,95.0,5390.625,Insufficient data (<10 listings)
Friends Colony,2,59.5,5386.473429951691,Insufficient data (<10 listings)
BCMC Layout,2,80.0,5379.656683710738,Insufficient data (<10 listings)
Unknown,1,86.0,5375.0,Insufficient data (<10 listings)
Sabari Nagar,1,60.0,5357.142857142857,Insufficient data (<10 listings)
Akshayanagara East,8,68.81,5353.464926359773,Insufficient data (<10 listings)
Hosa Road,70,69.725,5350.417002959376,Tier 2 - Mid-market
Bannerghatta Road,148,73.0,5339.263600176913,Tier 2 - Mid-market
Sunkadakatte,5,80.0,5333.333333333333,Insufficient data (<10 listings)
PC Palaya,1,48.0,5333.333333333333,Insufficient data (<10 listings)
Nagashetty Halli,5,93.0,5333.333333333333,Insufficient data (<10 listings)
Jigani,52,58.0,5330.597977656802,Tier 2 - Mid-market
Ashwath Nagar,13,84.0,5327.868852459016,Tier 2 - Mid-market
Air View Colony,1,58.5,5318.181818181818,Insufficient data (<10 listings)
Kenchenahalli,16,59.0,5304.008152173913,Tier 2 - Mid-market
Shettigere,3,35.0,5303.030303030303,Insufficient data (<10 listings)
Konena Agrahara,3,57.0,5302.325581395349,Insufficient data (<10 listings)
Shampura,13,75.0,5288.135593220339,Tier 2 - Mid-market
Off Bannergatta road,2,101.0,5281.991578595131,Insufficient data (<10 listings)
Garebhavipalya,2,65.0,5281.862745098039,Insufficient data (<10 listings)
Avalahalli,5,108.0,5281.173594132029,Insufficient data (<10 listings)
Billamaranahalli,2,102.5,5277.777777777777,Insufficient data (<10 listings)
Somasundara Palya,27,70.0,5267.11813393529,Tier 2 - Mid-market
Bhuvaneshwari Nagar,6,53.5,5265.909090909091,Insufficient data (<10 listings)
Kaggalipura,19,57.5,5263.1578947368425,Tier 2 - Mid-market
Hosakerehalli Layout,2,89.5,5262.9629629629635,Insufficient data (<10 listings)
Devi Nagar,5,68.0,5250.0,Insufficient data (<10 listings)
HMT Layout,5,80.0,5248.868778280543,Insufficient data (<10 listings)
Jalahalli East,12,55.0,5240.924092409241,Tier 2 - Mid-market
Udayagiri,1,60.0,5240.174672489083,Insufficient data (<10 listings)
Tindlu,11,65.0,5238.0952380952385,Tier 2 - Mid-market
LB Shastri Nagar,11,62.0,5236.486486486487,Tier 2 - Mid-market
Kempapura,2,152.5,5226.342129208371,Insufficient data (<10 listings)
Shantiniketan Layout,6,111.5,5226.1038054395995,Insufficient data (<10 listings)
Arekere,16,77.5,5226.1038054395995,Tier 2 - Mid-market
Vignana Nagar,9,58.0,5225.225225225226,Insufficient data (<10 listings)
Hongasandra,8,47.0,5218.670076726343,Insufficient data (<10 listings)
RMV Extension,5,85.0,5214.7239263803685,Insufficient data (<10 listings)
Hanuman Nagar,1,108.0,5212.355212355213,Insufficient data (<10 listings)
Mallasandra,16,70.0,5209.909909909909,Tier 2 - Mid-market
KSRTC Layout,3,62.5,5208.333333333333,Insufficient data (<10 listings)
Naganathapura,10,65.0,5205.36134252484,Tier 2 - Mid-market
NRI Layout,14,85.0,5204.166666666666,Tier 2 - Mid-market
Seetharampalya,8,73.0,5202.342047930284,Insufficient data (<10 listings)
Rukmaiah Layout,1,86.06,5200.0,Insufficient data (<10 listings)
Dasanapura,16,43.1,5192.846930135065,Tier 2 - Mid-market
Kadugodi,40,80.0,5190.191805009183,Tier 2 - Mid-market
Vittasandra,35,67.5,5181.818181818182,Tier 2 - Mid-market
Vinayak Nagar,3,36.5,5177.304964539007,Insufficient data (<10 listings)
Neelamangala,2,56.5,5173.473774720551,Insufficient data (<10 listings)
Brindavan Layout,2,94.34,5167.272727272727,Insufficient data (<10 listings)
Kannur,2,65.0,5161.271808999081,Insufficient data (<10 listings)
Magadi Road,25,55.38,5159.332321699545,Tier 2 - Mid-market
Akshayanagara West,2,67.5,5149.201024101703,Insufficient data (<10 listings)
Kattigenahalli,8,120.0,5148.809523809524,Insufficient data (<10 listings)
Jalahalli West,8,43.5,5145.245202558635,Insufficient data (<10 listings)
Nanjappa Layout,3,85.0,5144.9953227315245,Insufficient data (<10 listings)
Akshaya Nagar,61,80.0,5144.46793516561,Tier 2 - Mid-market
Amruthahalli,24,61.5,5138.89189013981,Tier 2 - Mid-market
Herohalli,4,75.0,5138.888888888889,Insufficient data (<10 listings)
KPC Layout,1,62.0,5123.966942148761,Insufficient data (<10 listings)
Virupakshapura,3,55.0,5116.279069767442,Insufficient data (<10 listings)
Doddabommasandra,6,80.0,5114.087301587302,Insufficient data (<10 listings)
Roopena Agrahara,8,51.705,5111.357229158277,Insufficient data (<10 listings)
Chennammana Kere,9,58.4,5100.436681222707,Insufficient data (<10 listings)
CV Raman Nagar,42,60.5,5099.2763373213575,Tier 2 - Mid-market
Kaval Byrasandra,22,52.0,5091.39248919907,Tier 2 - Mid-market
Hosahalli,1,70.0,5090.909090909091,Insufficient data (<10 listings)
Banashankari Stage VI,16,90.0,5088.114063987115,Tier 2 - Mid-market
Howthinarayanappa Garden,1,52.0,5088.062622309198,Insufficient data (<10 listings)
Dasarahalli,17,70.0,5081.9672131147545,Tier 2 - Mid-market
Doddakannelli,6,72.5,5081.073637584201,Insufficient data (<10 listings)
1Hoysalanagar,1,275.0,5069.124423963133,Insufficient data (<10 listings)
Singanayakanahalli,3,65.0,5067.5675675675675,Insufficient data (<10 listings)
Basaveshwara Nagar Yelahanka,7,95.0,5059.523809523809,Insufficient data (<10 listings)
Raja Rajeshwari Nagar 5th Stage,4,53.5,5056.996855345911,Insufficient data (<10 listings)
Yelahanka,208,69.6,5056.151813243283,Tier 2 - Mid-market
Murugeshpalya,14,78.0,5053.725739413729,Tier 2 - Mid-market
Varanasi,6,80.5,5050.0,Insufficient data (<10 listings)
Kanakpura Road,247,64.23,5046.0317460317465,Tier 2 - Mid-market
"Off Sarjapur Road,",6,82.5,5044.765086152552,Insufficient data (<10 listings)
kanakapura road,3,95.0,5042.462845010616,Insufficient data (<10 listings)
Reliaable Tranquil Layout,8,70.0,5039.787798408488,Insufficient data (<10 listings)
5th Phase JP Nagar,37,65.0,5034.482758620689,Tier 2 - Mid-market
Choodasandra,21,63.0,5032.679738562091,Tier 2 - Mid-market
Devanahalli,43,65.0,5032.258064516129,Tier 2 - Mid-market
Immadihalli,4,58.0,5029.493018741134,Insufficient data (<10 listings)
Kallumantapa,5,53.0,5028.462998102466,Insufficient data (<10 listings)
Battarahalli,24,75.0,5028.12421513401,Tier 2 - Mid-market
Kullappa Colony,2,62.5,5026.134625191229,Insufficient data (<10 listings)
Mysore Road,48,64.155,5018.019665617401,Tier 2 - Mid-market
Subash Nagar,2,50.0,5012.077294685991,Insufficient data (<10 listings)
Nagavara,17,58.56,5008.01282051282,Tier 2 - Mid-market
Byrasandra,7,56.0,5000.0,Insufficient data (<10 listings)
Rammana Layout,1,100.0,5000.0,Insufficient data (<10 listings)
Vayunandana Layout,1,120.0,5000.0,Insufficient data (<10 listings)
Mallappa Layout,1,75.0,5000.0,Insufficient data (<10 listings)
Amruthnagar,5,60.0,5000.0,Insufficient data (<10 listings)
Kariyammana Agrahara,2,90.0,5000.0,Insufficient data (<10 listings)
Kengeri Hobli,3,42.0,5000.0,Insufficient data (<10 listings)
Kalena Agrahara,33,70.0,5000.0,Tier 2 - Mid-market
Amco Colony,1,88.0,5000.0,Insufficient data (<10 listings)
3rd Block HBR Layout,1,100.0,5000.0,Insufficient data (<10 listings)
Kodigehaali,13,60.0,5000.0,Tier 2 - Mid-market
3rd Stage Raja Rajeshwari Nagar,1,65.0,5000.0,Insufficient data (<10 listings)
Seegehalli,25,72.0,5000.0,Tier 2 - Mid-market
Budigere,47,60.0,4991.394148020654,Tier 2 - Mid-market
Sidedahalli,8,51.15,4988.888888888889,Insufficient data (<10 listings)
Basava Nagar,3,60.1,4982.20640569395,Insufficient data (<10 listings)
Rachenahalli,48,52.605000000000004,4980.952380952381,Tier 3 - Value
Konanakunte Cross,4,88.5,4977.693697763722,Insufficient data (<10 listings)
Nehru Nagar,11,81.0,4964.5390070921985,Tier 3 - Value
Mahaganapathy Nagar,2,70.0,4964.5390070921985,Insufficient data (<10 listings)
RWF West Colony,4,66.14,4952.697967764541,Insufficient data (<10 listings)
Bank Avenue,1,99.0,4950.0,Insufficient data (<10 listings)
Green Woods Layout,2,59.5,4947.346600331675,Insufficient data (<10 listings)
Bharathi Nagar,12,68.5,4946.162492921678,Tier 3 - Value
9th Phase JP Nagar,43,69.0,4943.820224719101,Tier 3 - Value
Akash Nagar,1,47.8,4943.1230610134435,Insufficient data (<10 listings)
Chikkanahalli,1,52.0,4942.9657794676805,Insufficient data (<10 listings)
Seethappa Layout,1,42.0,4941.176470588235,Insufficient data (<10 listings)
Sonnenahalli,22,52.765,4940.4171303165185,Tier 3 - Value
Kothanur,64,70.5,4933.123591684027,Tier 3 - Value
Aishwarya Crystal Layout,2,82.0,4932.763532763533,Insufficient data (<10 listings)
Maragondanahalli,6,63.5,4931.983757857636,Insufficient data (<10 listings)
Doddanakundi Industrial Area 2,6,75.005,4930.241327300151,Insufficient data (<10 listings)
Kacharakanahalli,5,60.0,4928.571428571428,Insufficient data (<10 listings)
Omkar Nagar,2,67.5,4927.777777777777,Insufficient data (<10 listings)
Kalkere,10,52.5,4921.534437663469,Tier 3 - Value
Doddagubbi,4,54.5,4918.340026773762,Insufficient data (<10 listings)
Chikbasavanapura,1,60.0,4918.0327868852455,Insufficient data (<10 listings)
Doddabidrakallu,2,53.5,4916.666666666667,Insufficient data (<10 listings)
Hoskote near,1,29.5,4916.666666666667,Insufficient data (<10 listings)
Bidrahalli,2,53.5,4916.666666666666,Insufficient data (<10 listings)
kadubisnahalli,1,57.0,4913.793103448276,Insufficient data (<10 listings)
Hiremath Layout,5,92.0,4912.2807017543855,Insufficient data (<10 listings)
Mallathahalli,5,60.0,4897.959183673469,Insufficient data (<10 listings)
Pattandur Agrahara,10,61.075,4897.75461106656,Tier 3 - Value
Sampigehalli,2,68.0,4897.194304857621,Insufficient data (<10 listings)
Ring Road Nagarbhavi,1,235.0,4895.833333333333,Insufficient data (<10 listings)
Munnekollal,24,69.0,4890.703359642383,Tier 3 - Value
Vasantha Vallabha Nagar,5,76.0,4888.888888888889,Insufficient data (<10 listings)
Atmananda Colony,3,55.0,4880.212954747116,Insufficient data (<10 listings)
Nyanappana Halli,4,53.5,4872.127501853225,Insufficient data (<10 listings)
"Judicial Layout, Kanakapura Road,",4,47.0,4870.629370629371,Insufficient data (<10 listings)
manyata tech park,1,56.0,4869.565217391304,Insufficient data (<10 listings)
Vadarpalya,3,85.0,4857.142857142857,Insufficient data (<10 listings)
Vinayaka Nagar,5,65.0,4850.746268656716,Insufficient data (<10 listings)
Kanakapura,39,51.1,4850.746268656716,Tier 3 - Value
"Hoodi Circle,",7,59.9,4849.600982197668,Insufficient data (<10 listings)
Ashirvad Colony,6,55.0,4848.115299334811,Insufficient data (<10 listings)
Pillahalli,1,92.0,4842.105263157895,Insufficient data (<10 listings)
AECS Layout,12,62.0,4839.874277947672,Tier 3 - Value
Prakruthi Nagar,1,60.0,4838.709677419355,Insufficient data (<10 listings)
GB Palya,1,45.0,4838.709677419355,Insufficient data (<10 listings)
AGB Layout,1,145.0,4833.333333333333,Insufficient data (<10 listings)
Anandapura,27,55.0,4833.333333333333,Tier 3 - Value
1st Stage Domlur,1,65.0,4814.814814814815,Insufficient data (<10 listings)
Arehalli,3,65.0,4814.814814814815,Insufficient data (<10 listings)
Anantapura,3,77.0,4812.5,Insufficient data (<10 listings)
B Narayanapura,9,60.0,4803.921568627451,Insufficient data (<10 listings)
Austin Town,7,60.0,4800.0,Insufficient data (<10 listings)
Sarvabhouma Nagar,3,42.0,4800.0,Insufficient data (<10 listings)
Doddabele,1,36.0,4800.0,Insufficient data (<10 listings)
Jaladarsini Layout,1,48.0,4800.0,Insufficient data (<10 listings)
Yelahanka New Town,41,50.0,4800.0,Tier 3 - Value
Crimson Layout,3,60.0,4800.0,Insufficient data (<10 listings)
Begur,16,64.0,4798.920147021413,Tier 3 - Value
Anugrah Layout,2,70.0,4790.810465858328,Insufficient data (<10 listings)
Hormavu,73,58.0,4782.608695652174,Tier 3 - Value
Electronics City Phase 1,88,53.5,4780.37493150808,Tier 3 - Value
Narayana Nagar 1st Block,3,65.0,4779.411764705882,Insufficient data (<10 listings)
KEB Colony,2,63.42,4771.153846153847,Insufficient data (<10 listings)
rr nagar,2,47.0,4766.3139329806,Insufficient data (<10 listings)
Rajarajeshwari Nagara,4,83.0,4760.0032530904355,Insufficient data (<10 listings)
Vishwapriya Layout,12,66.5,4750.578368999422,Tier 3 - Value
Gattahalli,3,63.0,4750.0,Insufficient data (<10 listings)
Chelekare,6,60.0,4746.0,Insufficient data (<10 listings)
Narayanappa Garden,1,70.0,4745.762711864407,Insufficient data (<10 listings)
Hallehalli,2,59.0,4742.630385487529,Insufficient data (<10 listings)
Veerannapalya,3,57.0,4736.8421052631575,Insufficient data (<10 listings)
Panduranga Nagar,2,60.0,4736.726874657909,Insufficient data (<10 listings)
Singasandra,25,58.0,4731.6384180790965,Tier 3 - Value
manyata park,2,73.41,4727.418875044621,Insufficient data (<10 listings)
Baba Nagar,3,52.0,4727.272727272727,Insufficient data (<10 listings)
Upadhyaya Layout,2,53.5,4715.960510078157,Insufficient data (<10 listings)
P&T Colony,1,20.03,4712.941176470588,Insufficient data (<10 listings)
mvj engineering college,1,56.53,4710.833333333333,Insufficient data (<10 listings)
Hessarghatta,7,50.0,4708.097928436911,Insufficient data (<10 listings)
"JP nagar 9th Phase,",1,72.0,4702.808621815807,Insufficient data (<10 listings)
Mahadevpura,30,64.25,4695.644696395761,Tier 3 - Value
Govindraja Nagar,1,50.0,4694.835680751174,Insufficient data (<10 listings)
Govindpura,5,75.0,4688.536953242836,Insufficient data (<10 listings)
"Near Electronic City,",1,150.0,4687.5,Insufficient data (<10 listings)
Manorayana Palya,3,75.0,4687.5,Insufficient data (<10 listings)
Virat Nagar,5,52.0,4684.684684684685,Insufficient data (<10 listings)
ITPL,12,56.12,4676.666666666667,Tier 3 - Value
Thomas Town,2,59.5,4667.692307692308,Insufficient data (<10 listings)
Tavarekere,4,81.0,4666.666666666667,Insufficient data (<10 listings)
Puttanahalli,4,58.5,4657.736187668248,Insufficient data (<10 listings)
Ckikkakammana Halli,1,42.0,4656.319290465632,Insufficient data (<10 listings)
Rajapura,2,45.0,4642.599859466018,Insufficient data (<10 listings)
T K Reddy Layout,1,75.0,4641.089108910891,Insufficient data (<10 listings)
Jagajyothi layout,1,58.0,4640.0,Insufficient data (<10 listings)
Ramanashree Enclave,2,53.75,4638.850889192887,Insufficient data (<10 listings)
Kodichikkanahalli,27,57.0,4629.62962962963,Tier 3 - Value
Marasandra,3,85.0,4619.565217391304,Insufficient data (<10 listings)
Lavakusha Nagar,4,68.5,4616.415936556063,Insufficient data (<10 listings)
Lottegolla Halli,3,90.0,4615.384615384615,Insufficient data (<10 listings)
Thippasandra,3,30.0,4615.384615384615,Insufficient data (<10 listings)
Dodda Banaswadi,5,60.0,4615.384615384615,Insufficient data (<10 listings)
elachenahalli,1,58.0,4610.492845786964,Insufficient data (<10 listings)
Janatha Colony,2,57.415,4606.715522142902,Insufficient data (<10 listings)
Bileshivale,6,210.0,4606.481481481482,Insufficient data (<10 listings)
Singapura Village,6,45.0,4603.851588256843,Insufficient data (<10 listings)
Belatur,3,58.0,4603.174603174603,Insufficient data (<10 listings)
Hennur,49,57.0,4600.109259765091,Tier 3 - Value
Veer Sandra,4,63.5,4600.0,Insufficient data (<10 listings)
Kamdhenu Nagar,1,46.0,4600.0,Insufficient data (<10 listings)
Mariyannapalya,2,46.0,4600.0,Insufficient data (<10 listings)
Basavanapura,8,65.0,4592.4408014571945,Insufficient data (<10 listings)
Garudachar Palya,17,52.8,4590.909090909091,Tier 3 - Value
Maruthi Layout,1,42.0,4585.152838427947,Insufficient data (<10 listings)
Tippenahalli,1,55.0,4583.333333333333,Insufficient data (<10 listings)
Tejaswini Nagar,6,67.0,4576.023391812865,Insufficient data (<10 listings)
Bommanahalli,35,54.0,4568.9655172413795,Tier 3 - Value
Samethanahalli,6,47.5,4568.210262828536,Insufficient data (<10 listings)
GD Layout,2,56.0,4567.359898833006,Insufficient data (<10 listings)
DUO Layout,1,75.0,4564.820450395618,Insufficient data (<10 listings)
Silver Springs Layout,4,66.0,4564.3375788596595,Insufficient data (<10 listings)
Tata Nagar,4,70.0,4560.72695035461,Insufficient data (<10 listings)
Dodda Kempaiah Layout,2,60.0,4560.498768472906,Insufficient data (<10 listings)
Gaundanapalya,1,46.0,4554.455445544554,Insufficient data (<10 listings)
Malleshpalya,17,55.0,4545.454545454545,Tier 3 - Value
Electronic City,289,46.0,4545.454545454545,Tier 3 - Value
Basapura,9,60.0,4545.454545454545,Insufficient data (<10 listings)
Anwar Layout,2,30.195,4544.38752276867,Insufficient data (<10 listings)
Kudlu,26,53.0,4529.188181296615,Tier 3 - Value
Kogilu,20,64.75,4526.9549938885975,Tier 3 - Value
Mullur,1,95.0,4525.964745116722,Insufficient data (<10 listings)
Ankappa Layout,3,65.0,4524.886877828054,Insufficient data (<10 listings)
8th Phase JP Nagar,56,55.0,4522.452245224522,Tier 3 - Value
"Ananthanagar Phase 1,Electronic City , phase 2",1,45.9,4517.716535433071,Insufficient data (<10 listings)
GM Palaya,12,62.0,4509.567187198766,Tier 3 - Value
NGR Layout,13,46.0,4504.41609421001,Tier 3 - Value
AGS Layout,7,59.6,4500.46511627907,Insufficient data (<10 listings)
SRINIVASAPURA,2,56.589999999999996,4500.163934426229,Insufficient data (<10 listings)
Canara Bank Colony,7,52.0,4500.0,Insufficient data (<10 listings)
Daadys Gaarden Layout,3,72.0,4500.0,Insufficient data (<10 listings)
Vittal Nagar,3,49.0,4500.0,Insufficient data (<10 listings)
Poornapragna Housing Society Layout,4,57.7,4500.0,Insufficient data (<10 listings)
Chokkahalli,1,90.0,4500.0,Insufficient data (<10 listings)
Telecom Layout,3,54.0,4500.0,Insufficient data (<10 listings)
Jakkuru Layout,3,55.7,4500.0,Insufficient data (<10 listings)
Hanumanth Nagar,4,55.0,4498.977919036467,Insufficient data (<10 listings)
Rayasandra,22,61.5,4487.798813625546,Tier 3 - Value
Mangammanapalya,3,56.0,4480.0,Insufficient data (<10 listings)
Motappa Layout,6,54.25,4470.1492389408595,Insufficient data (<10 listings)
Koppa,2,69.0,4458.333333333334,Insufficient data (<10 listings)
near Ramanashree California resort,1,160.0,4444.444444444444,Insufficient data (<10 listings)
Devasthanagalu,6,52.5,4442.655701456641,Insufficient data (<10 listings)
Reliable Woods Layout,1,58.0,4441.04134762634,Insufficient data (<10 listings)
Jai Bheema Nagar,2,62.5,4434.7238521995805,Insufficient data (<10 listings)
Varthur,68,60.0,4433.239821063007,Tier 3 - Value
"Kudlu Village,",1,64.0,4429.065743944637,Insufficient data (<10 listings)
Vijaya Bank Colony,1,62.0,4428.571428571428,Insufficient data (<10 listings)
"JP Nagar 8th Phase,",3,250.0,4425.256341068538,Insufficient data (<10 listings)
Kambipura,16,45.0,4424.4470029457625,Tier 3 - Value
Kalkere Channasandra,1,53.0,4416.666666666667,Insufficient data (<10 listings)
Srigandada Kaval,1,53.0,4416.666666666667,Insufficient data (<10 listings)
Dr Shivarama Karantha Nagar,2,59.5,4416.666666666666,Insufficient data (<10 listings)
MCECHS  layout,4,65.0,4416.666666666666,Insufficient data (<10 listings)
Ashraya Layout,1,225.0,4411.764705882353,Insufficient data (<10 listings)
Hoysalanagar,8,53.0,4410.830401876133,Insufficient data (<10 listings)
Doddakammanahalli,7,60.0,4400.28388928318,Insufficient data (<10 listings)
VGP Layout,5,55.0,4400.0,Insufficient data (<10 listings)
Devarachikkanahalli,17,58.0,4398.826979472141,Tier 3 - Value
Gnana Bharathi,2,150.0,4392.361111111111,Insufficient data (<10 listings)
S R Layout,1,48.0,4379.56204379562,Insufficient data (<10 listings)
Dodda Nekkundi,29,56.0,4379.56204379562,Tier 3 - Value
NTI Layout,1,52.5,4375.0,Insufficient data (<10 listings)
Old Mangammanapalya Road,1,140.0,4375.0,Insufficient data (<10 listings)
Hagadur,3,47.5,4373.848987108656,Insufficient data (<10 listings)
Ramagondanahalli,47,61.0,4372.8423475258915,Tier 3 - Value
Gollahalli,9,48.0,4372.3554301833565,Insufficient data (<10 listings)
Chickpet,1,48.0,4371.584699453552,Insufficient data (<10 listings)
Mailasandra,1,43.66,4370.37037037037,Insufficient data (<10 listings)
Tirumanahalli,3,55.0,4365.079365079365,Insufficient data (<10 listings)
Vijayabank bank layout,1,48.0,4363.636363636364,Insufficient data (<10 listings)
Gottigere,48,55.79,4360.278745644599,Tier 3 - Value
Sugama Layout,1,36.0,4358.353510895884,Insufficient data (<10 listings)
Nagappa Reddy Layout,10,62.5,4357.978977544195,Tier 3 - Value
Ramanjaneyanagar,5,53.51,4350.40650406504,Insufficient data (<10 listings)
Chikkalasandra,29,53.12,4350.359712230216,Tier 3 - Value
KR Puram,91,58.0,4347.826086956522,Tier 3 - Value
Sai Gardens,4,58.0,4337.282740523593,Insufficient data (<10 listings)
2nd Phase Judicial Layout,8,44.125,4330.127569568378,Insufficient data (<10 listings)
Gollarapalya Hosahalli,12,52.0,4326.135501448476,Tier 3 - Value
Manayata Tech Park,8,47.5,4324.675324675325,Insufficient data (<10 listings)
Silk Board,5,54.0,4320.0,Insufficient data (<10 listings)
Udayapur Village,4,62.129999999999995,4314.583333333333,Insufficient data (<10 listings)
Varthur Road,17,52.76,4307.894736842105,Tier 3 - Value
Kumarapalli,4,62.5,4305.10752688172,Insufficient data (<10 listings)
Pai Layout,19,58.0,4304.635761589404,Tier 3 - Value
Poorna Pragna Layout,13,50.79,4298.89298892989,Tier 3 - Value
manyata,1,50.11,4286.569717707443,Insufficient data (<10 listings)
Chikka Tirupathi,17,105.0,4285.714285714285,Tier 3 - Value
Anathanagar,1,45.0,4285.714285714285,Insufficient data (<10 listings)
Annasandrapalya,1,150.0,4285.714285714285,Insufficient data (<10 listings)
Shettihalli,1,90.0,4285.714285714285,Insufficient data (<10 listings)
Chambenahalli,1,50.0,4273.504273504273,Insufficient data (<10 listings)
Coconut Grove Layout,5,48.0,4270.109235352532,Insufficient data (<10 listings)
Kengeri,73,40.6,4269.972451790633,Tier 3 - Value
Annaiah Reddy Layout,2,35.0,4269.59517657192,Insufficient data (<10 listings)
Bandepalya,1,48.0,4266.666666666667,Insufficient data (<10 listings)
Horamavu Agara,41,46.0,4253.521126760564,Tier 3 - Value
Geddalahalli,4,49.75,4253.1195008798595,Insufficient data (<10 listings)
Kaggadasapura,64,55.0,4246.303642264695,Tier 3 - Value
Raja Rajeshwari Nagar,164,53.935,4246.212121212121,Tier 3 - Value
Kumbena Agrahara,3,50.0,4237.28813559322,Insufficient data (<10 listings)
Mysore Highway,4,30.25,4235.221674876847,Insufficient data (<10 listings)
Chellikere,1,46.0,4227.941176470588,Insufficient data (<10 listings)
BSM Extension,4,39.0,4215.2067585593595,Insufficient data (<10 listings)
Anantapuram,1,63.0,4214.046822742475,Insufficient data (<10 listings)
KR Layout,3,41.0,4210.526315789473,Insufficient data (<10 listings)
Chennappa Layout,4,46.5,4205.2216150576805,Insufficient data (<10 listings)
Kengeri Satellite Town,40,42.5,4204.967402098355,Tier 3 - Value
Kanakapur main road,1,43.04,4199.024390243902,Insufficient data (<10 listings)
Punappa Layout,1,55.0,4198.473282442748,Insufficient data (<10 listings)
Glass Factory Layout,4,62.5,4190.69704913625,Insufficient data (<10 listings)
Maruthi Nagar,5,42.0,4176.470588235294,Insufficient data (<10 listings)
"Maragondana Halli, kr puram, old madras road",1,50.0,4170.141784820684,Insufficient data (<10 listings)
Bhagyalakshmi Avenue,3,24.0,4166.666666666667,Insufficient data (<10 listings)
Gulakamale,1,50.0,4166.666666666667,Insufficient data (<10 listings)
Kashi Nagar,3,50.0,4166.666666666667,Insufficient data (<10 listings)
Popular Colony,1,54.0,4153.846153846154,Insufficient data (<10 listings)
T C Palya main Road,1,48.72,4146.382978723404,Insufficient data (<10 listings)
Bellari Road,5,45.0,4146.341463414634,Insufficient data (<10 listings)
Jyothi Nagar,2,32.75,4132.516510253737,Insufficient data (<10 listings)
"Kirloskar layout, Basaveshwarnagar",1,49.5,4125.0,Insufficient data (<10 listings)
Uttarahalli,157,50.19,4119.3442622950815,Tier 3 - Value
Gunjur,21,60.0,4118.050789293068,Tier 3 - Value
Raghavendra Nagar,3,95.0,4113.533525298231,Insufficient data (<10 listings)
Kachanayakanahalli,3,35.0,4111.24546553809,Insufficient data (<10 listings)
Horamavu Banaswadi,25,51.6,4108.108108108108,Tier 3 - Value
Green Garden Layout,2,57.5,4097.554492291334,Insufficient data (<10 listings)
Kengeri Satellite Town KHB Apartment,1,45.0,4090.909090909091,Insufficient data (<10 listings)
Vasanthapura,10,39.864999999999995,4084.6067368946997,Tier 3 - Value
Duvasapalya,1,48.6,4084.0336134453783,Insufficient data (<10 listings)
Kammagondahalli,4,82.5,4080.370384085687,Insufficient data (<10 listings)
Doctors Layout,7,47.0,4078.9473684210525,Insufficient data (<10 listings)
Chikkathoguru,4,44.0,4076.05635013778,Insufficient data (<10 listings)
Akshaya Vana,8,53.5,4069.4444444444443,Insufficient data (<10 listings)
Muneshwara Nagar,2,57.0,4066.604127579737,Insufficient data (<10 listings)
Green View Layout,7,42.0,4059.4059405940593,Insufficient data (<10 listings)
Shingapura,2,52.5,4057.1049136786187,Insufficient data (<10 listings)
Chinnapanahalli,4,44.5,4052.621048419368,Insufficient data (<10 listings)
Abbigere,22,40.8,4046.5408805031448,Tier 3 - Value
Ayappa Nagar,3,50.0,4045.3074433656957,Insufficient data (<10 listings)
Chikkabanavar,13,70.0,4041.6666666666665,Tier 3 - Value
Sri Venkateshpura Layout,2,44.0,4036.898529045126,Insufficient data (<10 listings)
Soppahalli,1,25.0,4032.2580645161293,Insufficient data (<10 listings)
Nagondanahalli,5,47.0,4021.9378427787933,Insufficient data (<10 listings)
Konappana Agrahara,1,42.5,4009.433962264151,Insufficient data (<10 listings)
Pragathi Nagar,4,43.5,4006.1396440582957,Insufficient data (<10 listings)
Suraksha Nagar,6,62.5,4003.8092236398397,Insufficient data (<10 listings)
Hegganahalli,3,48.0,4000.0,Insufficient data (<10 listings)
Vikram Nagar,1,38.0,4000.0,Insufficient data (<10 listings)
Divya Unnathi Layout,4,58.980000000000004,4000.0,Insufficient data (<10 listings)
Kengeri Satellite Town Stage II,1,20.0,4000.0,Insufficient data (<10 listings)
Saptagiri Layout,1,44.0,4000.0,Insufficient data (<10 listings)
Shanthi Pura,1,32.0,4000.0,Insufficient data (<10 listings)
Neeladri Nagar,13,38.0,4000.0,Tier 3 - Value
Devara Jeevanahalli,3,52.0,4000.0,Insufficient data (<10 listings)
Doddakallasandra,11,43.0,3999.2982456140353,Tier 3 - Value
Kothannur,26,46.4,3999.2292809456985,Tier 3 - Value
Balaji Gardens Layout,2,36.5,3994.1758210074095,Insufficient data (<10 listings)
Sunkan palya,1,37.0,3991.3700107874865,Insufficient data (<10 listings)
Harohalli,1,52.0,3984.6743295019155,Insufficient data (<10 listings)
Doctor Layout Rayasandra,1,90.0,3982.3008849557523,Insufficient data (<10 listings)
Amarjyothi Colony,2,49.5,3978.1952364978197,Insufficient data (<10 listings)
"Bidere Agarahara, Behind Safal market",1,42.0,3962.264150943396,Insufficient data (<10 listings)
Harappanahalli,3,95.0,3958.3333333333335,Insufficient data (<10 listings)
Raghuvanahalli,4,32.5,3951.3888888888887,Insufficient data (<10 listings)
K R C kothanur,1,45.0,3947.3684210526317,Insufficient data (<10 listings)
Adarsh Nagar,1,50.0,3937.0078740157483,Insufficient data (<10 listings)
Suddaguntepalya,4,55.0,3929.8245614035086,Insufficient data (<10 listings)
Shauhardha Layout,1,20.0,3929.2730844793714,Insufficient data (<10 listings)
Allalasandra,1,22.0,3928.5714285714284,Insufficient data (<10 listings)
Dwaraka Nagar,1,51.0,3923.076923076923,Insufficient data (<10 listings)
Bommasandra,37,41.0,3917.4603174603176,Tier 3 - Value
Sompura,12,43.0,3916.1381254404514,Tier 3 - Value
Ramamurthy Nagar Extension,4,45.629999999999995,3910.3896103896104,Insufficient data (<10 listings)
Bisuvanahalli,42,38.5,3901.8152642663727,Tier 3 - Value
Shikaripalya,8,57.120000000000005,3900.3132505666244,Insufficient data (<10 listings)
Chokkanahalli,2,48.5,3890.3437096218167,Insufficient data (<10 listings)
Lake City,4,29.5,3887.1794871794873,Insufficient data (<10 listings)
Chokkasandra,1,33.0,3882.3529411764707,Insufficient data (<10 listings)
HAL Layout,1,65.0,3880.597014925373,Insufficient data (<10 listings)
Escorts Colony,1,93.0,3875.0,Insufficient data (<10 listings)
Madiwala,7,45.0,3862.6609442060085,Insufficient data (<10 listings)
Nobo Nagar,3,55.0,3862.3595505617977,Insufficient data (<10 listings)
Babusapalaya,25,45.9,3861.3793103448274,Tier 3 - Value
Parappana Agrahara,7,46.0,3852.5963149078725,Insufficient data (<10 listings)
Prasanth Extension,1,46.14,3845.0,Insufficient data (<10 listings)
Venkateshpuram,1,24.0,3840.0,Insufficient data (<10 listings)
Yelenahalli,13,47.88,3835.625,Tier 3 - Value
KUDLU MAIN ROAD,4,56.0,3825.136612021858,Insufficient data (<10 listings)
HOSUR RMAIN ROAD,1,56.0,3825.136612021858,Insufficient data (<10 listings)
HOSUR MAIN ROAD,3,56.0,3825.136612021858,Insufficient data (<10 listings)
Harsha Layout,4,18.0,3822.222222222222,Insufficient data (<10 listings)
Hosapalya,3,90.0,3800.0,Insufficient data (<10 listings)
Stage-4 Bommanahalli,5,55.0,3785.714285714286,Insufficient data (<10 listings)
Sarjapur,82,51.675,3782.2817161052453,Tier 3 - Value
MLA Layout,2,38.0,3776.141384388807,Insufficient data (<10 listings)
"Lakshminarayanapura, Electronic City Phase 2",1,75.5,3775.0,Insufficient data (<10 listings)
Alfa Garden Layout,4,43.394999999999996,3759.5238095238096,Insufficient data (<10 listings)
Yarandahalli,2,44.05,3753.1472359058566,Insufficient data (<10 listings)
Doddabanahalli,5,37.0,3750.0,Insufficient data (<10 listings)
NR Colony,1,40.05,3749.9999999999995,Insufficient data (<10 listings)
Kada Agrahara,5,40.0,3743.3155080213905,Insufficient data (<10 listings)
Sadaramangala,3,52.0,3730.2725968436157,Insufficient data (<10 listings)
Mico Layout,12,48.75,3729.714912280702,Tier 3 - Value
Doddathoguru,29,42.0,3725.1655629139073,Tier 3 - Value
Chikkadunnasandra,5,50.0,3722.2619899785254,Insufficient data (<10 listings)
Byagadadhenahalli,5,23.0,3709.6774193548385,Insufficient data (<10 listings)
Begur Road,74,49.67,3707.744883727831,Tier 3 - Value
Hoskote,21,45.0,3703.703703703704,Tier 3 - Value
Geleyara Balaga Layout,2,24.0,3702.7804410354747,Insufficient data (<10 listings)
Vimanapura,3,64.0,3686.274509803922,Insufficient data (<10 listings)
Sree Narayana Nagar,1,50.0,3681.8851251840942,Insufficient data (<10 listings)
Addischetan Layout,1,55.0,3678.9297658862874,Insufficient data (<10 listings)
Anekal,30,35.0,3677.917786102597,Tier 3 - Value
Shree Ananth Nagar Layout,6,51.0,3672.5245653817083,Insufficient data (<10 listings)
Gunjur Palya,10,41.0,3654.7619047619046,Tier 3 - Value
Nelamangala,7,40.0,3653.846153846154,Insufficient data (<10 listings)
Pillanna Gardens,1,20.0,3636.3636363636365,Insufficient data (<10 listings)
Belathur,5,39.0,3619.0476190476193,Insufficient data (<10 listings)
Channasandra,38,40.235,3597.0801820493944,Tier 3 - Value
Banashankari Stage V,12,49.0,3591.137194393931,Tier 3 - Value
Channasandra Layout,7,52.0,3583.061889250814,Insufficient data (<10 listings)
Anjanapura,16,42.5,3582.9932868237465,Tier 3 - Value
Gulimangala,3,50.0,3571.4285714285716,Insufficient data (<10 listings)
Malur Hosur Road,1,100.0,3571.4285714285716,Insufficient data (<10 listings)
Gopal Reddy Layout,1,75.0,3571.4285714285716,Insufficient data (<10 listings)
Celebrity Paradise Layout,2,19.244999999999997,3568.2672590567327,Insufficient data (<10 listings)
Maithri Layout,5,60.0,3560.8308605341244,Insufficient data (<10 listings)
Aavalahalli,1,41.94,3554.237288135593,Insufficient data (<10 listings)
Satyasaibaba Layout,1,42.25,3550.4201680672268,Insufficient data (<10 listings)
Thirumenahalli,8,49.165,3543.269776415844,Insufficient data (<10 listings)
Viswapriyanagar.begur Road.bommanahalli.,1,85.0,3541.6666666666665,Insufficient data (<10 listings)
Amrita Nagar,1,150.0,3529.4117647058824,Insufficient data (<10 listings)
Alur,3,15.0,3529.4117647058824,Insufficient data (<10 listings)
JCR Layout,4,41.14,3526.6437755698425,Insufficient data (<10 listings)
Sri Sai Layout,2,38.7,3524.0585774058577,Insufficient data (<10 listings)
Chuchangatta Colony,1,44.0,3520.0,Insufficient data (<10 listings)
Dominic Layout,1,39.14,3510.3139013452915,Insufficient data (<10 listings)
Duddanahalli,1,47.0,3507.4626865671644,Insufficient data (<10 listings)
Byrasandra Extension,1,45.0,3501.9455252918287,Insufficient data (<10 listings)
whitefiled,1,32.73,3500.5347593582883,Insufficient data (<10 listings)
Kanakapura  Rod,1,45.68,3500.383141762452,Insufficient data (<10 listings)
kanakapura main road,3,37.8,3500.334448160535,Insufficient data (<10 listings)
adigondanhalli,1,42.0,3500.0,Insufficient data (<10 listings)
Vasatha Vallbha Nagar,1,37.8,3499.9999999999995,Insufficient data (<10 listings)
Abbaiah Reddy Layout,6,39.75,3499.5454545454545,Insufficient data (<10 listings)
Vasantapura main road,1,36.28,3498.553519768563,Insufficient data (<10 listings)
Virgonagar,1,42.2,3473.251028806584,Insufficient data (<10 listings)
Hanumagiri,1,38.0,3454.5454545454545,Insufficient data (<10 listings)
Bethel Nagar,3,33.0,3437.5,Insufficient data (<10 listings)
Lakshmipura Vidyaanyapura,1,120.0,3428.5714285714284,Insufficient data (<10 listings)
Sadahalli,1,130.0,3421.0526315789475,Insufficient data (<10 listings)
Sarjapura - Attibele Road,17,48.0,3394.4954128440368,Tier 3 - Value
Rajanna Layout,1,37.6,3369.1756272401435,Insufficient data (<10 listings)
"Electronic city Phase 1,",4,44.5,3362.31884057971,Insufficient data (<10 listings)
Iggalur,1,30.5,3351.6483516483518,Insufficient data (<10 listings)
Venkateswara Nagar,1,20.0,3333.3333333333335,Insufficient data (<10 listings)
Wajid layout thanisandra,1,100.0,3333.3333333333335,Insufficient data (<10 listings)
Basavanagara,5,80.0,3333.3333333333335,Insufficient data (<10 listings)
Kereguddadahalli,16,33.5,3312.517841849843,Tier 3 - Value
Gollarahatti,1,24.5,3310.810810810811,Insufficient data (<10 listings)
Adityanagar,3,41.0,3253.968253968254,Insufficient data (<10 listings)
Sanne Amanikere,3,38.0,3206.7510548523205,Insufficient data (<10 listings)
Keerthi Layout,1,25.0,3205.128205128205,Insufficient data (<10 listings)
Weavers Colony,2,26.0,3201.9704433497536,Insufficient data (<10 listings)
Shakthi Nagar,1,36.0,3200.0,Insufficient data (<10 listings)
Kenchanehalli R R Nagar,1,45.12,3200.0,Insufficient data (<10 listings)
Raja Rajashweri Nagar,1,45.12,3200.0,Insufficient data (<10 listings)
Rajarajesheari nagar,1,44.8,3200.0,Insufficient data (<10 listings)
Thirumalashettyhally,1,34.46,3199.6285979572885,Insufficient data (<10 listings)
P&T Layout,3,39.7,3196.45732689211,Insufficient data (<10 listings)
Kothnoor Dinne,2,36.5,3185.6060606060605,Insufficient data (<10 listings)
Volagerekallahalli,9,33.99,3185.5670103092784,Insufficient data (<10 listings)
Soundarya Layout,2,29.5,3166.666666666667,Insufficient data (<10 listings)
Asthagrama Layout,1,38.0,3166.6666666666665,Insufficient data (<10 listings)
Maruthi HBCS Layout,1,39.5,3160.0,Insufficient data (<10 listings)
K G Colony,1,50.0,3125.0,Insufficient data (<10 listings)
Kodathi,4,29.25,3112.9206764990604,Insufficient data (<10 listings)
Byappanahalli,1,90.0,3103.448275862069,Insufficient data (<10 listings)
Makali,3,15.0,3092.783505154639,Insufficient data (<10 listings)
Bilal Nagar,1,20.0,3076.923076923077,Insufficient data (<10 listings)
Dommasandra,13,40.0,3049.3707647628266,Tier 3 - Value
Kammasandra,29,33.0,3032.7868852459014,Tier 3 - Value
Suryanagar,1,45.0,3000.0,Insufficient data (<10 listings)
Electronic City Phase II,128,38.12,3000.0,Tier 3 - Value
Ananth Nagar,29,27.0,2970.0,Tier 3 - Value
Attibele,41,25.0,2941.176470588235,Tier 3 - Value
BAGUR ROAD,1,35.0,2916.6666666666665,Insufficient data (<10 listings)
Jeevanhalli,1,35.0,2916.6666666666665,Insufficient data (<10 listings)
Vidhyanagar Cross,1,32.0,2909.090909090909,Insufficient data (<10 listings)
Bommasandra Industrial Area,26,36.53,2888.0366972477063,Tier 3 - Value
Huskur,8,34.435,2887.821701199564,Insufficient data (<10 listings)
2Electronic City Phase II,1,230.0,2875.0,Insufficient data (<10 listings)
Madanayakahalli,1,34.0,2833.3333333333335,Insufficient data (<10 listings)
Tunganagara,3,35.56,2800.103305785124,Insufficient data (<10 listings)
Sir M V Nagar,1,120.0,2727.2727272727275,Insufficient data (<10 listings)
Chandapura,82,30.0,2707.3867595818815,Tier 3 - Value
Kadabagere,5,15.0,2654.8672566371683,Insufficient data (<10 listings)
Phase 1 Kammasandra,2,26.59,2548.0255457972003,Insufficient data (<10 listings)
Handenahalli,1,120.0,2526.315789473684,Insufficient data (<10 listings)
BDS Layout,1,37.5,2500.0,Insufficient data (<10 listings)
1 Immadihalli,1,150.0,2500.0,Insufficient data (<10 listings)
BAGUR,1,17.0,2478.134110787172,Insufficient data (<10 listings)
Sadhguru Layout,1,55.0,2149.2770613520906,Insufficient data (<10 listings)
5 Bedroom Farm House in Lakshmipura,1,550.0,2104.3771043771044,Insufficient data (<10 listings)
"Yelahanka,MVIT college",1,150.0,1495.5134596211367,Insufficient data (<10 listings)
Indranagar  100ft road defence colony,1,80.0,1379.3103448275863,Insufficient data (<10 listings)
SARJAPUR BAGALUR ROAD,1,80.0,729.8604141957851,Insufficient data (<10 listings)
4 Bedroom Farm House in Bagalur,1,80.0,729.8604141957851,Insufficient data (<10 listings)
